{
  "task": "mixeddfa_r26_ns",
  "seed": 1,
  "model_type": "rnn",
  "pc_ks": [
    1,
    5,
    "full"
  ],
  "stop_iter": 8650,
  "snaps": [
    {
      "iteration": 0,
      "word_err": 0.9974137931034482,
      "snap": "iter_0000000.npz",
      "features": {
        "char": {
          "chance": 0.0625,
          "pc1": 0.28888888888888886,
          "pc5": 0.28888888888888886,
          "full": 0.28888888888888886
        },
        "dfa": {
          "chance": 0.034482758620689655,
          "pc1": 0.1886904761904762,
          "pc5": 0.1886904761904762,
          "full": 0.1886904761904762
        },
        "position": {
          "chance": 0.16666666666666666,
          "pc1": 0.13999999999999999,
          "pc5": 0.36000000000000004,
          "full": 0.44
        },
        "position_from_end": {
          "chance": 0.16666666666666666,
          "pc1": 0.18,
          "pc5": 0.26,
          "full": 0.32000000000000006
        }
      },
      "progress": 0.0
    },
    {
      "iteration": 500,
      "word_err": 0.5991379310344828,
      "snap": "iter_0000500.npz",
      "features": {
        "char": {
          "chance": 0.0625,
          "pc1": 0.16444444444444445,
          "pc5": 0.8577777777777779,
          "full": 1.0
        },
        "dfa": {
          "chance": 0.034482758620689655,
          "pc1": 0.24047619047619045,
          "pc5": 0.7755952380952381,
          "full": 0.9482142857142857
        },
        "position": {
          "chance": 0.16666666666666666,
          "pc1": 0.52,
          "pc5": 0.8999999999999999,
          "full": 1.0
        },
        "position_from_end": {
          "chance": 0.16666666666666666,
          "pc1": 0.13999999999999999,
          "pc5": 0.78,
          "full": 0.8400000000000001
        }
      },
      "progress": 0.057803468208092484
    },
    {
      "iteration": 600,
      "word_err": 0.4956896551724138,
      "snap": "iter_0000600.npz",
      "features": {
        "char": {
          "chance": 0.0625,
          "pc1": 0.30666666666666664,
          "pc5": 0.7155555555555555,
          "full": 0.9822222222222222
        },
        "dfa": {
          "chance": 0.034482758620689655,
          "pc1": 0.2577380952380952,
          "pc5": 0.8101190476190476,
          "full": 0.9827380952380952
        },
        "position": {
          "chance": 0.16666666666666666,
          "pc1": 0.52,
          "pc5": 0.86,
          "full": 1.0
        },
        "position_from_end": {
          "chance": 0.16666666666666666,
          "pc1": 0.37999999999999995,
          "pc5": 0.74,
          "full": 0.86
        }
      },
      "progress": 0.06936416184971098
    },
    {
      "iteration": 1000,
      "word_err": 0.29051724137931034,
      "snap": "iter_0001000.npz",
      "features": {
        "char": {
          "chance": 0.0625,
          "pc1": 0.2533333333333333,
          "pc5": 0.84,
          "full": 1.0
        },
        "dfa": {
          "chance": 0.034482758620689655,
          "pc1": 0.24047619047619045,
          "pc5": 0.8446428571428571,
          "full": 0.9827380952380952
        },
        "position": {
          "chance": 0.16666666666666666,
          "pc1": 0.52,
          "pc5": 0.88,
          "full": 1.0
        },
        "position_from_end": {
          "chance": 0.16666666666666666,
          "pc1": 0.13999999999999999,
          "pc5": 0.7200000000000001,
          "full": 0.8400000000000001
        }
      },
      "progress": 0.11560693641618497
    },
    {
      "iteration": 1100,
      "word_err": 0.2,
      "snap": "iter_0001100.npz",
      "features": {
        "char": {
          "chance": 0.0625,
          "pc1": 0.2,
          "pc5": 0.8044444444444444,
          "full": 1.0
        },
        "dfa": {
          "chance": 0.034482758620689655,
          "pc1": 0.24047619047619045,
          "pc5": 0.8273809523809524,
          "full": 1.0
        },
        "position": {
          "chance": 0.16666666666666666,
          "pc1": 0.32000000000000006,
          "pc5": 0.88,
          "full": 1.0
        },
        "position_from_end": {
          "chance": 0.16666666666666666,
          "pc1": 0.26,
          "pc5": 0.7000000000000001,
          "full": 0.8400000000000001
        }
      },
      "progress": 0.12716763005780346
    },
    {
      "iteration": 1500,
      "word_err": 0.09913793103448276,
      "snap": "iter_0001500.npz",
      "features": {
        "char": {
          "chance": 0.0625,
          "pc1": 0.2533333333333333,
          "pc5": 0.7688888888888888,
          "full": 1.0
        },
        "dfa": {
          "chance": 0.034482758620689655,
          "pc1": 0.2232142857142857,
          "pc5": 0.8273809523809524,
          "full": 0.9827380952380952
        },
        "position": {
          "chance": 0.16666666666666666,
          "pc1": 0.44,
          "pc5": 0.86,
          "full": 1.0
        },
        "position_from_end": {
          "chance": 0.16666666666666666,
          "pc1": 0.36000000000000004,
          "pc5": 0.74,
          "full": 0.78
        }
      },
      "progress": 0.17341040462427745
    },
    {
      "iteration": 2000,
      "word_err": 0.1310344827586207,
      "snap": "iter_0002000.npz",
      "features": {
        "char": {
          "chance": 0.0625,
          "pc1": 0.23555555555555555,
          "pc5": 0.7688888888888888,
          "full": 1.0
        },
        "dfa": {
          "chance": 0.034482758620689655,
          "pc1": 0.2232142857142857,
          "pc5": 0.8446428571428571,
          "full": 1.0
        },
        "position": {
          "chance": 0.16666666666666666,
          "pc1": 0.33999999999999997,
          "pc5": 0.88,
          "full": 1.0
        },
        "position_from_end": {
          "chance": 0.16666666666666666,
          "pc1": 0.23999999999999996,
          "pc5": 0.74,
          "full": 0.82
        }
      },
      "progress": 0.23121387283236994
    },
    {
      "iteration": 2500,
      "word_err": 0.12068965517241378,
      "snap": "iter_0002500.npz",
      "features": {
        "char": {
          "chance": 0.0625,
          "pc1": 0.18222222222222223,
          "pc5": 0.8222222222222223,
          "full": 1.0
        },
        "dfa": {
          "chance": 0.034482758620689655,
          "pc1": 0.3095238095238095,
          "pc5": 0.8964285714285715,
          "full": 1.0
        },
        "position": {
          "chance": 0.16666666666666666,
          "pc1": 0.44,
          "pc5": 0.7000000000000001,
          "full": 1.0
        },
        "position_from_end": {
          "chance": 0.16666666666666666,
          "pc1": 0.18,
          "pc5": 0.74,
          "full": 0.8400000000000001
        }
      },
      "progress": 0.28901734104046245
    },
    {
      "iteration": 3000,
      "word_err": 0.06293103448275862,
      "snap": "iter_0003000.npz",
      "features": {
        "char": {
          "chance": 0.0625,
          "pc1": 0.18222222222222223,
          "pc5": 0.7866666666666667,
          "full": 1.0
        },
        "dfa": {
          "chance": 0.034482758620689655,
          "pc1": 0.24047619047619045,
          "pc5": 0.9136904761904762,
          "full": 1.0
        },
        "position": {
          "chance": 0.16666666666666666,
          "pc1": 0.32000000000000006,
          "pc5": 0.86,
          "full": 1.0
        },
        "position_from_end": {
          "chance": 0.16666666666666666,
          "pc1": 0.1,
          "pc5": 0.74,
          "full": 0.8
        }
      },
      "progress": 0.3468208092485549
    },
    {
      "iteration": 3250,
      "word_err": 0.04827586206896552,
      "snap": "iter_0003250.npz",
      "features": {
        "char": {
          "chance": 0.0625,
          "pc1": 0.2,
          "pc5": 0.7511111111111112,
          "full": 1.0
        },
        "dfa": {
          "chance": 0.034482758620689655,
          "pc1": 0.24047619047619045,
          "pc5": 0.861904761904762,