{
  "loss_iterations": [
    0,
    100,
    200,
    300,
    400,
    500,
    600,
    700,
    800,
    900,
    1000,
    1100,
    1200,
    1300,
    1400,
    1500,
    1600,
    1700,
    1800,
    1900,
    2000,
    2100,
    2200,
    2300,
    2400,
    2500,
    2600,
    2700,
    2800,
    2900,
    3000,
    3100,
    3200,
    3300,
    3400,
    3500,
    3600,
    3700,
    3800,
    3900,
    4000,
    4100,
    4200,
    4300,
    4400,
    4500,
    4600,
    4700,
    4800,
    4900,
    5000
  ],
  "loss_window": [
    0.6747428953647614,
    0.47181993126869204,
    0.4658132344484329,
    0.46096694469451904,
    0.46926634311676024,
    0.46463818848133087,
    0.4708733558654785,
    0.4553155779838562,
    0.46542867422103884,
    0.4644267916679382,
    0.4636038184165955,
    0.4636620730161667,
    0.46060616672039034,
    0.461866569519043,
    0.4661560595035553,
    0.45759128630161283,
    0.4629212111234665,
    0.4607402503490448,
    0.45659893453121186,
    0.46224137842655183,
    0.4716101735830307,
    0.4628972798585892,
    0.46292595863342284,
    0.46849780678749087,
    0.4600855052471161,
    0.46057667434215543,
    0.46405447721481324,
    0.45560219287872317,
    0.4552392452955246,
    0.45364622175693514,
    0.4664426684379578,
    0.45819885432720187,
    0.45800418555736544,
    0.47127288281917573,
    0.45995119512081145,
    0.45787452161312103,
    0.4495661646127701,
    0.4630115568637848,
    0.46363497972488404,
    0.46340354681015017,
    0.46295311152935026,
    0.46622766852378844,
    0.4624363750219345,
    0.45530235171318056,
    0.46818979978561404,
    0.4561370849609375,
    0.4623324692249298,
    0.4654742479324341,
    0.4675713121891022,
    0.456703782081604,
    0.46086274087429047
  ],
  "loss_smooth": [
    0.6747428953647614,
    0.6737282805442811,
    0.6726887053138019,
    0.6716300965107055,
    0.6706182777437358,
    0.6695883772974238,
    0.6685948021902641,
    0.6675284060692321,
    0.6665179074099912,
    0.6655074518312809,
    0.6644979336642075,
    0.6634937543609672,
    0.6624793164227644,
    0.6614762526882458,
    0.6604996517223224,
    0.6594851098952188,
    0.65850229040136,
    0.6575134802010983,
    0.6565089074727489,
    0.6555375698275179,
    0.6546179328462954,
    0.653659329581357,
    0.6527056627266172,
    0.6517846234469216,
    0.6508261278559225,
    0.6498748805883537,
    0.6489457785714859,
    0.6479790606430221,
    0.6470153615662847,
    0.646048515867238,
    0.6451504866300916,
    0.6442157284685771,
    0.6432846707540211,
    0.6424246118143468,
    0.6415122447308792,
    0.6405940561152904,
    0.6396389166577778,
    0.6387557798588079,
    0.6378801758581383,
    0.6370077927128984,
    0.6361375193069807,
    0.6352879700530647,
    0.634423712077909,
    0.6335281052760854,
    0.6327014137486331,
    0.6318185921046946,
    0.6309711614902958,
    0.6301436769225065,
    0.6293308150988395,
    0.6284676799337533,
    0.6276296552384559
  ],
  "metric_iterations": [
    0,
    100,
    200,
    300,
    400,
    500,
    600,
    700,
    800,
    900,
    1000,
    1100,
    1200,
    1300,
    1400,
    1500,
    1600,
    1700,
    1800,
    1900,
    2000,
    2100,
    2200,
    2300,
    2400,
    2500,
    2600,
    2700,
    2800,
    2900,
    3000,
    3100,
    3200,
    3300,
    3400,
    3500,
    3600,
    3700,
    3800,
    3900,
    4000,
    4100,
    4200,
    4300,
    4400,
    4500,
    4600,
    4700,
    4800,
    4900,
    5000
  ],
  "metric_word_error_frac": [
    0.06679582161999768,
    0.026721405934889083,
    0.009893216209526956,
    0.0038376247161658063,
    0.0037595051639995464,
    0.001287001287001287,
    0.002488116458704694,
    0.0,
    0.0012437810945273632,
    0.0,
    0.0,
    0.0,
    0.0,
    0.0,
    0.0,
    0.0012674271229404308,
    0.0025940729974160207,
    0.0037651964142544837,
    0.0,
    0.001287001287001287,
    0.0,
    0.0,
    0.0012919896640826874,
    0.0,
    0.0012722646310432569,
    0.0,
    0.0012345679012345679,
    0.0,
    0.0,
    0.0,
    0.0,
    0.0,
    0.0,
    0.0,
    0.0012121212121212121,
    0.0,
    0.0,
    0.0,
    0.0,
    0.0,
    0.0,
    0.0,
    0.0,
    0.0,
    0.0,
    0.0,
    0.0,
    0.0012121212121212121,
    0.0,
    0.0,
    0.0
  ],
  "sample_before": "taaaaaaaattaaaaaaaataaattaataaaaatattaaaaaaaataaat",
  "sample_after": "aatataatatataaataatatataaataaaaaataaaaatatatatataa",
  "demo_snippet": "atataatatatatatataaataaataataaatataatatataatatataa",
  "demo_before": "taaaaaaaattaaaaaaaataaattaataaaaatattaaaaaaaataaat",
  "demo_after": "aatataatatataaataatatataaataaaaaataaaaatatatatataa",
  "demo_word_error_frac": 0.0,
  "demo_rng_seed": 5042,
  "demo_seed_char": "a",
  "final_word_error_frac": 0.0,
  "stoi": {
    "a": 0,
    "t": 1
  },
  "itos": {
    "0": "a",
    "1": "t"
  }
}