{
  "loss_iterations": [
    0,
    100,
    200,
    300,
    400,
    500,
    600,
    700,
    800,
    900,
    1000,
    1100,
    1200,
    1300,
    1400,
    1500,
    1600,
    1700,
    1800,
    1900,
    2000,
    2100,
    2200,
    2300,
    2400,
    2500,
    2600,
    2700,
    2800,
    2900,
    3000,
    3100,
    3200,
    3300,
    3400,
    3500,
    3600,
    3700,
    3800,
    3900,
    4000,
    4100,
    4200,
    4300,
    4400,
    4500,
    4600,
    4700,
    4800,
    4900,
    5000
  ],
  "loss_window": [
    1.8993421792984009,
    0.47895240783691406,
    0.334516441822052,
    0.3068203628063202,
    0.29402117133140565,
    0.2863606154918671,
    0.28321373760700225,
    0.2802858203649521,
    0.28007018864154815,
    0.27855895161628724,
    0.2794877737760544,
    0.27743442058563234,
    0.2772924453020096,
    0.2769310772418976,
    0.2753930926322937,
    0.2755725383758545,
    0.27480517625808715,
    0.2734848380088806,
    0.2760129183530807,
    0.274365046620369,
    0.2747009336948395,
    0.2750096648931503,
    0.2730905532836914,
    0.2748792260885239,
    0.2757262736558914,
    0.2763203144073486,
    0.2750536322593689,
    0.2772162228822708,
    0.2747625380754471,
    0.27415227293968203,
    0.2739725112915039,
    0.27326535880565644,
    0.27407844364643097,
    0.2743204414844513,
    0.27536976635456084,
    0.27371774017810824,
    0.27475176453590394,
    0.27548847496509554,
    0.2736226201057434,
    0.2731910705566406,
    0.2736725389957428,
    0.2735229104757309,
    0.2738843262195587,
    0.2740117013454437,
    0.27386208772659304,
    0.27358768284320834,
    0.2741125226020813,
    0.275342720746994,
    0.27319527566432955,
    0.2731428503990173,
    0.27409322261810304
  ],
  "loss_smooth": [
    1.8993421792984009,
    1.8922402304410935,
    1.8844516114979981,
    1.8765634552545396,
    1.868650743834924,
    1.8607392931932087,
    1.8528516654152778,
    1.8449888361900262,
    1.8371642429522836,
    1.8293712164956035,
    1.8216217992820056,
    1.8139008623885238,
    1.8062178203030912,
    1.7985713865877853,
    1.7909554951180078,
    1.783378580334297,
    1.775835713313916,
    1.7683239589373907,
    1.7608624037344691,
    1.7534299169488987,
    1.7460362720326283,
    1.7386811389969308,
    1.7313531860683646,
    1.7240708162684655,
    1.7168290935554027,
    1.7096265496596623,
    1.7024536850726608,
    1.6953274977617088,
    1.6882246729632775,
    1.6811543109631595,
    1.6741184019648012,
    1.6671141367490054,
    1.6601489582834925,
    1.6532198156994973,
    1.6463305654527727,
    1.6394675013263993,
    1.6326439226424467,
    1.62585814540406,
    1.6190969677775684,
    1.6123674382914637,
    1.605673963794985,
    1.5990132085283888,
    1.5923875641168446,
    1.5857956848029875,
    1.5792360168176056,
    1.5727077751477336,
    1.5662147988850055,
    1.5597604384943156,
    1.5533276126801656,
    1.5469266888687598,
    1.5405625215375065
  ],
  "metric_iterations": [
    0,
    100,
    200,
    300,
    400,
    500,
    600,
    700,
    800,
    900,
    1000,
    1100,
    1200,
    1300,
    1400,
    1500,
    1600,
    1700,
    1800,
    1900,
    2000,
    2100,
    2200,
    2300,
    2400,
    2500,
    2600,
    2700,
    2800,
    2900,
    3000,
    3100,
    3200,
    3300,
    3400,
    3500,
    3600,
    3700,
    3800,
    3900,
    4000,
    4100,
    4200,
    4300,
    4400,
    4500,
    4600,
    4700,
    4800,
    4900,
    5000
  ],
  "metric_word_error_frac": [
    1.0,
    0.5587721936460687,
    0.18769540644540647,
    0.07513321995464851,
    0.04457482904647853,
    0.03769980735186921,
    0.026970384113241253,
    0.04064454064454064,
    0.030474816189101903,
    0.020478294410547725,
    0.017006802721088437,
    0.013502370645227788,
    0.016869374012231157,
    0.0033670033670033673,
    0.006768363911221054,
    0.010135367278224422,
    0.0,
    0.0,
    0.0,
    0.0,
    0.003401360544217687,
    0.003401360544217687,
    0.01020408163265306,
    0.0,
    0.0,
    0.0,
    0.0,
    0.003401360544217687,
    0.0,
    0.0,
    0.0,
    0.0,
    0.0,
    0.0,
    0.0,
    0.0,
    0.0033670033670033673,
    0.0,
    0.0,
    0.0,
    0.0,
    0.0,
    0.0,
    0.003401360544217687,
    0.0,
    0.0033670033670033673,
    0.0,
    0.0,
    0.0,
    0.0,
    0.0
  ],
  "sample_before": "c nbtatnnnn na anattbn tbbnacnaatncanbnbbbtcctatat",
  "sample_after": "can cab cab cat cab can cab can cat cab can can ca",
  "demo_snippet": "cab can can cab cat can can can cab can cab cab ca",
  "demo_before": "c nbtatnnnn na anattbn tbbnacnaatncanbnbbbtcctatat",
  "demo_after": "can cab cab cat cab can cab can cat cab can can ca",
  "demo_word_error_frac": 0.0,
  "demo_rng_seed": 5042,
  "demo_seed_char": " ",
  "final_word_error_frac": 0.0,
  "stoi": {
    " ": 0,
    "a": 1,
    "b": 2,
    "c": 3,
    "n": 4,
    "t": 5
  },
  "itos": {
    "0": " ",
    "1": "a",
    "2": "b",
    "3": "c",
    "4": "n",
    "5": "t"
  }
}