{
  "loss_iterations": [
    0,
    50,
    100,
    150,
    200,
    250,
    300,
    350,
    400,
    450,
    500,
    550,
    600,
    650,
    700,
    750,
    800,
    850,
    900,
    950,
    1000,
    1050,
    1100,
    1150,
    1200,
    1250,
    1300,
    1350,
    1400,
    1450,
    1500,
    1550,
    1600,
    1650,
    1700,
    1750,
    1800,
    1850,
    1900,
    1950,
    2000
  ],
  "loss_window": [
    2.1038771986961367,
    1.1098473608493804,
    1.0324592560529708,
    0.9609839111566544,
    0.9390321910381317,
    0.9106559693813324,
    0.909371617436409,
    0.9312988162040711,
    0.8953323006629944,
    0.8900057196617126,
    0.8892624139785766,
    0.8771434545516967,
    0.8829032003879547,
    0.8831206977367401,
    0.8743908733129502,
    0.8774910658597946,
    0.871808511018753,
    0.866962018609047,
    0.8692656189203263,
    0.8694990187883377,
    0.8726769238710403,
    0.8857014507055283,
    0.8558153539896012,
    0.8528346747159958,
    0.860443976521492,
    0.8512497961521148,
    0.8553848087787628,
    0.8627478867769242,
    0.8526916116476059,
    0.8452834576368332,
    0.84981409907341,
    0.8512643039226532,
    0.8543662786483764,
    0.8412904739379883,
    0.8465153098106384,
    0.8511162370443344,
    0.8446096867322922,
    0.8417609065771103,
    0.8408296018838882,
    0.8416697025299072,
    0.8385421216487885
  ],
  "loss_smooth": [
    2.1038771986961367,
    2.0989070495069027,
    2.0935748105396326,
    2.0879118560427177,
    2.082167457717695,
    2.076309900276013,
    2.070475208861815,
    2.064779326898526,
    2.058932091767349,
    2.0530874599068207,
    2.047268334677179,
    2.041417710276552,
    2.035625137727109,
    2.029862615527157,
    2.0240852568160856,
    2.018352285861304,
    2.0126195669870914,
    2.006891279245201,
    2.0012031509435766,
    1.9955446302828004,
    1.9899302917507415,
    1.9844091475455155,
    1.978766178577736,
    1.9731365210584273,
    1.9675730583357427,
    1.9619914420248246,
    1.9564584088585941,
    1.9509898562481858,
    1.945498365025183,
    1.939997290488241,
    1.9345463745311668,
    1.929129964178124,
    1.9237561457504755,
    1.918343817391413,
    1.912984674853509,
    1.907675332664463,
    1.9023600044348021,
    1.8970570089455137,
    1.8917758719102056,
    1.886525341063304,
    1.8812854249662314
  ],
  "metric_iterations": [
    0,
    50,
    100,
    150,
    200,
    250,
    300,
    350,
    400,
    450,
    500,
    550,
    600,
    650,
    700,
    750,
    800,
    850,
    900,
    950,
    1000,
    1050,
    1100,
    1150,
    1200,
    1250,
    1300,
    1350,
    1400,
    1450,
    1500,
    1550,
    1600,
    1650,
    1700,
    1750,
    1800,
    1850,
    1900,
    1950,
    2000
  ],
  "metric_word_error_frac": [
    0.49579819197223546,
    0.3195227526719239,
    0.24705577179456006,
    0.20358733598170217,
    0.10402044299982509,
    0.09090264170081941,
    0.09278534688895586,
    0.09941412376215442,
    0.062375317565506815,
    0.06719730095276667,
    0.046101320504593014,
    0.049819731235660435,
    0.08244362374893946,
    0.06930224644548381,
    0.04522549310520319,
    0.08620091961454511,
    0.09209700501070343,
    0.04402072516216437,
    0.04025437830527973,
    0.02963899424076415,
    0.050950621688632604,
    0.06463951389695684,
    0.05152177292329291,
    0.03246896391692772,
    0.02564715558248574,
    0.040349560431248654,
    0.050075414781297144,
    0.08848163127738456,
    0.054816896487542836,
    0.03529411764705882,
    0.03939586682799353,
    0.03921422318037875,
    0.04680701018920517,
    0.06012837028499107,
    0.05363091018575686,
    0.05251066308865083,
    0.047908532108663776,
    0.04115130500784902,
    0.03732225662613784,
    0.03459647396448253,
    0.03533171380646654
  ],
  "sample_before": "nthepcpnppmpppcamncrcmptchtpcaaeheamrenhrpcrrnmeme",
  "sample_after": "netteateateatnetrateateeateaatcateateatnetpetratha",
  "demo_snippet": "netnetcatmeteatatenetmetatepettearateatmatmetmatha",
  "demo_before": "nthepcpnppmpppcamncrcmptchtpcaaeheamrenhrpcrrnmeme",
  "demo_after": "netteateateatnetrateateeateaatcateateatnetpetratha",
  "demo_word_error_frac": 0.04398826979472141,
  "demo_rng_seed": 2042,
  "demo_seed_char": "a",
  "final_word_error_frac": 0.03413735876885141,
  "stoi": {
    "a": 0,
    "c": 1,
    "e": 2,
    "h": 3,
    "m": 4,
    "n": 5,
    "p": 6,
    "r": 7,
    "t": 8
  },
  "itos": {
    "0": "a",
    "1": "c",
    "2": "e",
    "3": "h",
    "4": "m",
    "5": "n",
    "6": "p",
    "7": "r",
    "8": "t"
  }
}