{
  "loss_iterations": [
    0,
    100,
    200,
    300,
    400,
    500,
    600,
    700,
    800,
    900,
    1000,
    1100,
    1200,
    1300,
    1400,
    1500,
    1600,
    1700,
    1800,
    1900,
    2000,
    2100,
    2200,
    2300,
    2400,
    2500,
    2600,
    2700,
    2800,
    2900,
    3000,
    3100,
    3200,
    3300,
    3400,
    3500,
    3600,
    3700,
    3800,
    3900,
    4000,
    4100,
    4200,
    4300,
    4400,
    4500,
    4600,
    4700,
    4800,
    4900,
    5000
  ],
  "loss_window": [
    1.763869047164917,
    0.48623133897781373,
    0.4105931997299194,
    0.3964920610189438,
    0.3770145535469055,
    0.3832004427909851,
    0.37860835790634156,
    0.3715506732463837,
    0.37238321602344515,
    0.37169704139232634,
    0.36578292548656466,
    0.3724696397781372,
    0.37283105552196505,
    0.3686791867017746,
    0.36975331902503966,
    0.3645219475030899,
    0.35991435050964354,
    0.3624920517206192,
    0.36693225204944613,
    0.36718789041042327,
    0.36576264500617983,
    0.36794056594371793,
    0.3657354176044464,
    0.3648885577917099,
    0.369598188996315,
    0.3632810801267624,
    0.36165851950645445,
    0.36592851877212523,
    0.36860627233982085,
    0.3636433809995651,
    0.36642834544181824,
    0.36634188890457153,
    0.3677931249141693,
    0.3685304641723633,
    0.36033194065093993,
    0.36715171337127683,
    0.36279151439666746,
    0.3680281311273575,
    0.36570065915584565,
    0.3703967660665512,
    0.3664639502763748,
    0.3676839381456375,
    0.36825965344905853,
    0.3650628924369812,
    0.3693194478750229,
    0.364896884560585,
    0.3720822870731354,
    0.3659931689500809,
    0.36867659389972685,
    0.36756930947303773,
    0.36283654570579527
  ],
  "loss_smooth": [
    1.763869047164917,
    1.7574808586239816,
    1.7507464203295113,
    1.7439751485329584,
    1.737140345558028,
    1.7303706460441928,
    1.7236118346035036,
    1.7168515287967179,
    1.7101291872328515,
    1.703437026503649,
    1.6967487559985635,
    1.6901273604174614,
    1.6835408788929838,
    1.6769665704320278,
    1.670430504174993,
    1.6639009613916333,
    1.6573810283372234,
    1.6509065834541405,
    1.6444867117971171,
    1.6381002176901838,
    1.6317385298267637,
    1.6254195400073483,
    1.6191211193953339,
    1.6128499565873158,
    1.6066336977493607,
    1.6004169346612476,
    1.5942231425854736,
    1.5880816694664068,
    1.5819842924807739,
    1.5758925879233678,
    1.5698452667109601,
    1.5638277498219282,
    1.5578475766973894,
    1.5519009911347643,
    1.5459431458823452,
    1.5400491887197898,
    1.5341629003481743,
    1.5283322265020702,
    1.5225190686653391,
    1.5167584571523451,
    1.5110069846179652,
    1.5052903693856037,
    1.499605215805921,
    1.4939325041890763,
    1.488309438907506,
    1.4826923761357715,
    1.4771393256904584,
    1.4715835949067566,
    1.4660690599017214,
    1.460576561149578,
    1.455087861072359
  ],
  "metric_iterations": [
    0,
    100,
    200,
    300,
    400,
    500,
    600,
    700,
    800,
    900,
    1000,
    1100,
    1200,
    1300,
    1400,
    1500,
    1600,
    1700,
    1800,
    1900,
    2000,
    2100,
    2200,
    2300,
    2400,
    2500,
    2600,
    2700,
    2800,
    2900,
    3000,
    3100,
    3200,
    3300,
    3400,
    3500,
    3600,
    3700,
    3800,
    3900,
    4000,
    4100,
    4200,
    4300,
    4400,
    4500,
    4600,
    4700,
    4800,
    4900,
    5000
  ],
  "metric_word_error_frac": [
    0.4511784511784512,
    0.2247249838902697,
    0.10174430503906055,
    0.04706209969367864,
    0.047008434167068236,
    0.02487562189054726,
    0.012493921370590655,
    0.01743247006404901,
    0.010025062656641603,
    0.019827346143135617,
    0.002506265664160401,
    0.005031518189412926,
    0.007518796992481203,
    0.002506265664160401,
    0.007537783853573327,
    0.007575757575757576,
    0.0,
    0.0025252525252525255,
    0.002506265664160401,
    0.002506265664160401,
    0.002506265664160401,
    0.0,
    0.0,
    0.002506265664160401,
    0.002506265664160401,
    0.002506265664160401,
    0.0,
    0.0,
    0.0,
    0.004975124378109453,
    0.0,
    0.0,
    0.0,
    0.0,
    0.0,
    0.0,
    0.0,
    0.0025252525252525255,
    0.0,
    0.002506265664160401,
    0.0,
    0.002506265664160401,
    0.0,
    0.0,
    0.0,
    0.0025252525252525255,
    0.0,
    0.0,
    0.0025252525252525255,
    0.002506265664160401,
    0.0
  ],
  "sample_before": "cnntaabacncntttcncnccnbnnncnnnncnccacabtcnbcnbbabc",
  "sample_after": "bcancabcancatcabcatcancancancabcancabcatcancatcatc",
  "demo_snippet": "catcatcancatcabcatcatcatcatcatcabcancabcancatcanca",
  "demo_before": "cnntaabacncntttcncnccnbnnncnnnncnccacabtcnbcnbbabc",
  "demo_after": "bcancabcancatcabcatcancancancabcancabcatcancatcatc",
  "demo_word_error_frac": 0.0,
  "demo_rng_seed": 5042,
  "demo_seed_char": "a",
  "final_word_error_frac": 0.0,
  "stoi": {
    "a": 0,
    "b": 1,
    "c": 2,
    "n": 3,
    "t": 4
  },
  "itos": {
    "0": "a",
    "1": "b",
    "2": "c",
    "3": "n",
    "4": "t"
  }
}