{
  "loss_iterations": [
    0,
    100,
    200,
    300,
    400,
    500,
    600,
    700,
    800,
    900,
    1000,
    1100,
    1200,
    1300,
    1400,
    1500,
    1600,
    1700,
    1800,
    1900,
    2000,
    2100,
    2200,
    2300,
    2400,
    2500,
    2600,
    2700,
    2800,
    2900,
    3000,
    3100,
    3200,
    3300,
    3400,
    3500,
    3600,
    3700,
    3800,
    3900,
    4000,
    4100,
    4200,
    4300,
    4400,
    4500,
    4600,
    4700,
    4800,
    4900,
    5000
  ],
  "loss_window": [
    1.9927355647087097,
    0.3907540202140808,
    0.24973530024290086,
    0.21264171302318574,
    0.19716179966926575,
    0.18935194462537766,
    0.18488447815179826,
    0.18221504539251326,
    0.1806564673781395,
    0.1793556898832321,
    0.17802856117486954,
    0.17761370688676834,
    0.17589255422353745,
    0.17664800435304642,
    0.1756439208984375,
    0.17646537721157074,
    0.17514319717884064,
    0.17710113525390625,
    0.17436755895614625,
    0.17456918358802795,
    0.17445415556430816,
    0.1747353345155716,
    0.17458754032850266,
    0.17655975818634034,
    0.17389331758022308,
    0.1738116815686226,
    0.17389442324638366,
    0.17654624134302138,
    0.17480410933494567,
    0.1748928353190422,
    0.17388859242200852,
    0.17376470118761062,
    0.1738879159092903,
    0.1734842911362648,
    0.17346576005220413,
    0.1738431304693222,
    0.17363692969083785,
    0.17427116632461548,
    0.1734313279390335,
    0.17350491583347322,
    0.1734213948249817,
    0.17356895208358764,
    0.1738007500767708,
    0.17334579527378083,
    0.17369060218334198,
    0.17388376891613005,
    0.1738779604434967,
    0.17493970692157745,
    0.17334545999765397,
    0.17357573807239532,
    0.17571501582860946
  ],
  "loss_smooth": [
    1.9927355647087097,
    1.9847256569862366,
    1.97605070520252,
    1.9672336602416234,
    1.9583833009387617,
    1.9495381441571948,
    1.9407148758271677,
    1.9319223766749944,
    1.9231660471285101,
    1.9144469953422838,
    1.9057649031714468,
    1.8971241471900233,
    1.8885179892251909,
    1.8799586393008303,
    1.8714370657088182,
    1.8629622072663319,
    1.8545231122158945,
    1.8461360023310847,
    1.8377771601142099,
    1.829461120231579,
    1.8211860854082424,
    1.812953831653779,
    1.8047620001971527,
    1.7966209889870985,
    1.7885073506300642,
    1.7804338722847568,
    1.772401175039565,
    1.7644219003710822,
    1.7564738114159013,
    1.748565906535417,
    1.7406925199648502,
    1.7328578808709638,
    1.7250630310461554,
    1.7173051373466062,
    1.7095859404601341,
    1.70190722641018,
    1.6942658749265833,
    1.6866659013835734,
    1.6790997285163507,
    1.6715717544529363,
    1.6640810026547965,
    1.6566284424019406,
    1.6492143039403147,
    1.641834961396982,
    1.6344942396009137,
    1.6271911872474896,
    1.6199246211134695,
    1.61269969654251,
    1.6055029253597857,
    1.5983432894233487,
    1.591230148055375
  ],
  "metric_iterations": [
    0,
    100,
    200,
    300,
    400,
    500,
    600,
    700,
    800,
    900,
    1000,
    1100,
    1200,
    1300,
    1400,
    1500,
    1600,
    1700,
    1800,
    1900,
    2000,
    2100,
    2200,
    2300,
    2400,
    2500,
    2600,
    2700,
    2800,
    2900,
    3000,
    3100,
    3200,
    3300,
    3400,
    3500,
    3600,
    3700,
    3800,
    3900,
    4000,
    4100,
    4200,
    4300,
    4400,
    4500,
    4600,
    4700,
    4800,
    4900,
    5000
  ],
  "metric_word_error_frac": [
    1.0,
    0.5717469614475059,
    0.28550855826201443,
    0.1334760838626818,
    0.07535591556210113,
    0.044360074551532576,
    0.040472754758469044,
    0.017006802721088433,
    0.03741496598639455,
    0.027074872435697183,
    0.010101010101010102,
    0.003401360544217687,
    0.003401360544217687,
    0.0033670033670033673,
    0.0033670033670033673,
    0.0,
    0.013536727822442108,
    0.006802721088435374,
    0.013605442176870748,
    0.010101010101010102,
    0.003401360544217687,
    0.003401360544217687,
    0.006802721088435374,
    0.006872852233676976,
    0.0033670033670033673,
    0.0033670033670033673,
    0.0,
    0.003401360544217687,
    0.0033670033670033673,
    0.0,
    0.003401360544217687,
    0.01016972445543874,
    0.0,
    0.0033670033670033673,
    0.0,
    0.003401360544217687,
    0.0033670033670033673,
    0.003401360544217687,
    0.006768363911221054,
    0.003401360544217687,
    0.0,
    0.0,
    0.0,
    0.0,
    0.0,
    0.0,
    0.0,
    0.0,
    0.003401360544217687,
    0.0,
    0.0
  ],
  "sample_before": "ttnnt tc aancncaa cnncncnaca acncnn t  antana ctcn",
  "sample_after": "cat can can cat can can can cat can cat can cat ca",
  "demo_snippet": "can can cat can can can can can cat can can can ca",
  "demo_before": "ttnnt tc aancncaa cnncncnaca acncnn t  antana ctcn",
  "demo_after": "cat can can cat can can can cat can cat can cat ca",
  "demo_word_error_frac": 0.0,
  "demo_rng_seed": 5042,
  "demo_seed_char": " ",
  "final_word_error_frac": 0.0,
  "stoi": {
    " ": 0,
    "a": 1,
    "c": 2,
    "n": 3,
    "t": 4
  },
  "itos": {
    "0": " ",
    "1": "a",
    "2": "c",
    "3": "n",
    "4": "t"
  }
}