{
  "comparison": "sixteen_word_lengths_ns",
  "model_type": "rnn",
  "tasks": [
    "sixteen_word_ns",
    "sixteen_word_four_letter_ns",
    "sixteen_word_five_letter_ns",
    "sixteen_word_mixed_ns"
  ],
  "seeds": [
    42,
    43,
    44
  ],
  "panels": [
    {
      "task": "sixteen_word_ns",
      "seed": 42,
      "shape": {
        "polygon_order": 3,
        "polygon_score": 0.9829307154513661,
        "polygon_spectrum": {
          "3": 0.9829307154513661,
          "4": 0.01470823238344607,
          "5": 0.01500642168400118,
          "6": 0.32281425820965626,
          "7": 0.01521734363202832,
          "8": 0.020840995981580394
        },
        "n_corners": 3,
        "circularity": 0.7083188282475316,
        "bbox_aspect": 1.2442281787032416
      },
      "spread": {
        "word_spread_over_diameter": 0.05488370246822762,
        "within_word_spread_over_diameter": 0.044643348977118164,
        "per_word_spread": {
          "pig": 0.06459439740051409,
          "big": 0.06772043957201315,
          "bum": 0.056270757119541985,
          "log": 0.0326376407319725,
          "bog": 0.07689677757189109,
          "fig": 0.06527215624655608,
          "wed": 0.02795572399802857,
          "dig": 0.04313953482171873,
          "fog": 0.07022359776752604,
          "we": 0.027505604707539842
        }
      }
    },
    {
      "task": "sixteen_word_ns",
      "seed": 43,
      "shape": {
        "polygon_order": 4,
        "polygon_score": 0.8290450986834147,
        "polygon_spectrum": {
          "3": 0.2066847833864455,
          "4": 0.8290450986834147,
          "5": 0.16784796396863813,
          "6": 0.20808078318604184,
          "7": 0.05607566758865565,
          "8": 0.07871929949700196
        },
        "n_corners": 5,
        "circularity": 0.2791400689790362,
        "bbox_aspect": 3.1264676993003104
      },
      "spread": {
        "word_spread_over_diameter": 0.20142330466758201,
        "within_word_spread_over_diameter": 0.37522433977444203,
        "per_word_spread": {
          "dig": 0.1381210290280694,
          "gum": 0.2020699687576123,
          "bog": 0.22746390325947546,
          "fox": 0.20924977731143762,
          "rum": 0.22229482218862007,
          "pig": 0.19381655854232827,
          "box": 0.20073226673922157,
          "big": 0.2267583196624291,
          "wed": 0.19297840873431932,
          "red": 0.22933913815910573,
          "dog": 0.19416614785482386,
          "pi": 0.23074524330667678
        }
      }
    },
    {
      "task": "sixteen_word_ns",
      "seed": 44,
      "shape": {
        "polygon_order": 6,
        "polygon_score": 0.7133400409008301,
        "polygon_spectrum": {
          "3": 0.414172490875937,
          "4": 0.4952218092580467,
          "5": 0.16957521959849625,
          "6": 0.7133400409008301,
          "7": 0.08117771573439794,
          "8": 0.13486400564823126
        },
        "n_corners": 6,
        "circularity": 0.929952464733541,
        "bbox_aspect": 1.1203140058564525
      },
      "spread": {
        "word_spread_over_diameter": 0.025978756605445217,
        "within_word_spread_over_diameter": 0.5975751001255831,
        "per_word_spread": {
          "wed": 0.18556194508614116,
          "pig": 0.01660913949084067,
          "dog": 0.01582223549241823,
          "red": 0.015514952747636946,
          "log": 0.017975159904648652,
          "gum": 0.014175253637271967,
          "big": 0.01666547313581067,
          "hum": 0.0133513430957797,
          "ru": 0.017077053054915987
        }
      }
    },
    {
      "task": "sixteen_word_four_letter_ns",
      "seed": 42,
      "shape": {
        "polygon_order": 4,
        "polygon_score": 0.9647071078743201,
        "polygon_spectrum": {
          "3": 0.06200592652155467,
          "4": 0.9647071078743201,
          "5": 0.03653133582336262,
          "6": 0.04909617043564094,
          "7": 0.042834074670547735,
          "8": 0.2517536029376577
        },
        "n_corners": 4,
        "circularity": 0.8490094867775541,
        "bbox_aspect": 1.1520913577564282
      },
      "spread": {
        "word_spread_over_diameter": 0.03360282089346476,
        "within_word_spread_over_diameter": 0.03469973008820619,
        "per_word_spread": {
          "rake": 0.05085973360588848,
          "bake": 0.026673386311400968,
          "late": 0.026710621724516978,
          "sank": 0.03681249807926681,
          "bank": 0.033943104750626445,
          "lake": 0.02706640845668851,
          "pant": 0.030931339599885033,
          "cake": 0.027027443429149627,
          "rank": 0.03636134374705039
        }
      }
    },
    {
      "task": "sixteen_word_four_letter_ns",
      "seed": 43,
      "shape": {
        "polygon_order": 3,
        "polygon_score": 0.555427972947958,
        "polygon_spectrum": {
          "3": 0.555427972947958,
          "4": 0.5408131766503395,
          "5": 0.2314185988620338,
          "6": 0.08792697959943664,
          "7": 0.17699708244537452,
          "8": 0.05417523600428784
        },
        "n_corners": 4,
        "circularity": 0.8581431779766463,
        "bbox_aspect": 1.2161108213888612
      },
      "spread": {
        "word_spread_over_diameter": 0.05604097270965613,
        "within_word_spread_over_diameter": 0.014661218005289633,
        "per_word_spread": {
          "cake": 0.09521111523230003,
          "mate": 0.03447250984849115,
          "bank": 0.07382438721740996,
          "rant": 0.03435024430219699,
          "gate": 0.0329539521626032,
          "rake": 0.029890211583929627,
          "want": 0.06520398821195433,
          "bake": 0.0645599637070906,
          "pant": 0.06530591748228093,
          "cant": 0.11002726120116868,
          "tank": 0.03314457164176178
        }
      }
    },
    {
      "task": "sixteen_word_four_letter_ns",
      "seed": 44,
      "shape": {
        "polygon_order": 4,
        "polygon_score": 0.9866232963989583,
        "polygon_spectrum": {
          "3": 0.022341462405547432,
          "4": 0.9866232963989583,
          "5": 0.008978846876818807,
          "6": 0.03405726953134351,
          "7": 0.006473690035518365,
          "8": 0.2718203288769933
        },
        "n_corners": 4,
        "circularity": 0.8419587672012576,
        "bbox_aspect": 1.0266933929728452
      },
      "spread": {
        "word_spread_over_diameter": 0.02419358854931332,
        "within_word_spread_over_diameter": 0.003547540369083145,
        "per_word_spread": {
          "pant": 0.05986273481828975,
          "rake": 0.021878850786623456,
          "tank": 0.02458667054888804,
          "cant": 0.020812464295446975,
          "sank": 0.024874274479932044,
          "mate": 0.014740403145615113,
          "bake": 0.023821980963511208,
          "rate": 0.02311407844861921
        }
      }
    },
    {
      "task": "sixteen_word_five_letter_ns",
      "seed": 42,
      "shape": {
        "polygon_order": 6,
        "polygon_score": 0.650364913470646,
        "polygon_spectrum": {
          "3": 0.26777819897736416,
          "4": 0.4372227907414585,
          "5": 0.13186775929140757,
          "6": 0.650364913470646,
          "7": 0.2068313437024162,
          "8": 0.11513908275097277
        },
        "n_corners": 9,
        "circularity": 0.3614800298537466,
        "bbox_aspect": 1.8008923227857299
      },
      "spread": {
        "word_spread_over_diameter": 0.23642994334357126,
        "within_word_spread_over_diameter": 0.7403899391838373,
        "per_word_spread": {
          "sight": 0.18720146288070444,
          "light": 0.24397793708246093,
          "batch": 0.24912402500341316,
          "pound": 0.23976731527205228,
          "bound": 0.24169517950201677,
          "right": 0.24705523144258096,
          "dream": 0.24509862677501645,
          "night": 0.24880427252474593,
          "hound": 0.23920392199091878
        }
      }
    },
    {
      "task": "sixteen_word_five_letter_ns",