{
  "comparison": "sixteen_word_lengths_ns",
  "model_type": "rnn",
  "seeds": [
    42,
    43,
    44,
    45,
    46
  ],
  "tasks": [
    "sixteen_word_ns",
    "sixteen_word_four_letter_ns",
    "sixteen_word_five_letter_ns",
    "sixteen_word_mixed_ns"
  ],
  "panels": [
    {
      "task": "sixteen_word_ns",
      "seed": 42,
      "summary_seed": "b",
      "summary_steps": 49,
      "n_geometry_trials": 8,
      "full_space": {
        "gap": 4.776942113983069,
        "gap_over_diameter": 0.350234604790288,
        "diameter": 13.639263649699569,
        "planarity_top2": 0.813786295856532,
        "mean_min_distance": 1.8823588061096437,
        "mean_min_distance_over_diameter": 0.13801029545690366,
        "hidden_size": 50
      },
      "pca_2d": {
        "pc1_variance_frac": 0.5064329861070257,
        "pc2_variance_frac": 0.215876189956616,
        "closure_gap": 4.178800566527565,
        "closure_gap_over_diameter": 0.34354640671232717,
        "diameter": 12.16371495926236,
        "mean_min_distance": 0.3872282678016482,
        "mean_min_distance_over_diameter": 0.03183470420825536
      },
      "jpca": {
        "omega": 25.57334984373168
      }
    },
    {
      "task": "sixteen_word_ns",
      "seed": 43,
      "summary_seed": "b",
      "summary_steps": 49,
      "n_geometry_trials": 8,
      "full_space": {
        "gap": 3.481210196044455,
        "gap_over_diameter": 0.2760812234965194,
        "diameter": 12.609369633890886,
        "planarity_top2": 0.9515286121813216,
        "mean_min_distance": 2.1231909901523283,
        "mean_min_distance_over_diameter": 0.16838200891864671,
        "hidden_size": 50
      },
      "pca_2d": {
        "pc1_variance_frac": 0.4313284721197322,
        "pc2_variance_frac": 0.2777832340026694,
        "closure_gap": 2.7699203686042977,
        "closure_gap_over_diameter": 0.2326192563691735,
        "diameter": 11.907528258143659,
        "mean_min_distance": 0.3391855909724154,
        "mean_min_distance_over_diameter": 0.028484970484150943
      },
      "jpca": {
        "omega": 37.407423876547654
      }
    },
    {
      "task": "sixteen_word_ns",
      "seed": 44,
      "summary_seed": "b",
      "summary_steps": 49,
      "n_geometry_trials": 8,
      "full_space": {
        "gap": 5.2447349218318005,
        "gap_over_diameter": 0.38371420334028405,
        "diameter": 13.668336684375177,
        "planarity_top2": 0.7604563210472588,
        "mean_min_distance": 2.0974438155618667,
        "mean_min_distance_over_diameter": 0.15345274732364023,
        "hidden_size": 50
      },
      "pca_2d": {
        "pc1_variance_frac": 0.34724302824602893,
        "pc2_variance_frac": 0.2668235449202588,
        "closure_gap": 3.636889432799817,
        "closure_gap_over_diameter": 0.2858594995231848,
        "diameter": 12.722646750820484,
        "mean_min_distance": 0.31774620361274786,
        "mean_min_distance_over_diameter": 0.02497485073947026
      },
      "jpca": {
        "omega": 27.71124732883977
      }
    },
    {
      "task": "sixteen_word_ns",
      "seed": 45,
      "summary_seed": "b",
      "summary_steps": 49,
      "n_geometry_trials": 8,
      "full_space": {
        "gap": 4.603764419961712,
        "gap_over_diameter": 0.39320250096764403,
        "diameter": 11.708380309464378,
        "planarity_top2": 0.7497681032597255,
        "mean_min_distance": 3.584576558712876,
        "mean_min_distance_over_diameter": 0.3061547766615773,
        "hidden_size": 50
      },
      "pca_2d": {
        "pc1_variance_frac": 0.7210357362240812,
        "pc2_variance_frac": 0.10649065318070627,
        "closure_gap": 3.547071817650239,
        "closure_gap_over_diameter": 0.4373559451070978,
        "diameter": 8.110263178843145,
        "mean_min_distance": 2.826961348029972,
        "mean_min_distance_over_diameter": 0.3485659202039868
      },
      "jpca": {
        "omega": 12.559637438383508
      }
    },
    {
      "task": "sixteen_word_ns",
      "seed": 46,
      "summary_seed": "b",
      "summary_steps": 49,
      "n_geometry_trials": 8,
      "full_space": {
        "gap": 4.416482517263163,
        "gap_over_diameter": 0.342395748908255,
        "diameter": 12.898765628210414,
        "planarity_top2": 0.9468097877279696,
        "mean_min_distance": 2.1256455567845305,
        "mean_min_distance_over_diameter": 0.16479449414412256,
        "hidden_size": 50
      },
      "pca_2d": {
        "pc1_variance_frac": 0.4489388429789236,
        "pc2_variance_frac": 0.2984339405965061,
        "closure_gap": 2.6976024279705615,
        "closure_gap_over_diameter": 0.21863220770956293,
        "diameter": 12.338540859241247,
        "mean_min_distance": 0.35022350371832855,
        "mean_min_distance_over_diameter": 0.028384515455571087
      },
      "jpca": {
        "omega": 38.88765905353433
      }
    },
    {
      "task": "sixteen_word_four_letter_ns",
      "seed": 42,
      "summary_seed": "r",
      "summary_steps": 65,
      "n_geometry_trials": 8,
      "full_space": {
        "gap": 4.710478226639632,
        "gap_over_diameter": 0.35017403061127805,
        "diameter": 13.45182056595353,
        "planarity_top2": 0.7144634535010016,
        "mean_min_distance": 2.1152288272923103,
        "mean_min_distance_over_diameter": 0.15724479946201042,
        "hidden_size": 50
      },
      "pca_2d": {
        "pc1_variance_frac": 0.35613342621309274,
        "pc2_variance_frac": 0.21437279697126066,
        "closure_gap": 3.126715359597808,
        "closure_gap_over_diameter": 0.2537094300232364,
        "diameter": 12.324001355848074,
        "mean_min_distance": 0.3615641727871473,
        "mean_min_distance_over_diameter": 0.029338212675185667
      },
      "jpca": {
        "omega": 54.77571450646618
      }
    },
    {
      "task": "sixteen_word_four_letter_ns",
      "seed": 43,
      "summary_seed": "r",
      "summary_steps": 65,
      "n_geometry_trials": 8,
      "full_space": {
        "gap": 7.218182168948092,
        "gap_over_diameter": 0.5129904727240472,
        "diameter": 14.07079186211508,
        "planarity_top2": 0.9183045603400503,
        "mean_min_distance": 1.7483719390056276,
        "mean_min_distance_over_diameter": 0.12425540482288233,
        "hidden_size": 50
      },
      "pca_2d": {
        "pc1_variance_frac": 0.46488116885955444,
        "pc2_variance_frac": 0.45997647681165826,
        "closure_gap": 5.765964874631717,
        "closure_gap_over_diameter": 0.3419184578218332,
        "diameter": 16.863567153886276,
        "mean_min_distance": 0.27783213968829623,
        "mean_min_distance_over_diameter": 0.016475288837348313
      },
      "jpca": {
        "omega": 110.53926380293527
      }
    },
    {
      "task": "sixteen_word_four_letter_ns",
      "seed": 44,
      "summary_seed": "r",
      "summary_steps": 65,
      "n_geometry_trials": 8,
      "full_space": {
        "gap": 4.91849449417158,
        "gap_over_diameter": 0.38819581405522063,
        "diameter": 12.670137894562478,
        "planarity_top2": 0.7848666981568899,
        "mean_min_distance": 1.9081540431546928,
        "mean_min_distance_over_diameter": 0.15060246849985723,
        "hidden_size": 50
      },
      "pca_2d": {
        "pc1_variance_frac": 0.46299285031973575,
        "pc2_variance_frac": 0.18867492489472507,
        "closure_gap": 3.269987135815126,
        "closure_gap_over_diameter": 0.28002524692216035,
        "diameter": 11.677472555623158,
        "mean_min_distance": 0.3552085346584354,
        "mean_min_distance_over_diameter": 0.03041827184491122
      },
      "jpca": {
        "omega": 35.171786834173844
      }
    },
    {
      "task": "sixteen_word_four_letter_ns",
      "seed": 45,
      "summary_seed": "r",
      "summary_steps": 65,
      "n_geometry_trials": 8,
      "full_space": {
        "gap": 5.345216973915634,
        "gap_over_diameter": 0.38257222598478774,