{
  "comparison": "fifty_word_lengths_ns",
  "model_type": "rnn",
  "seeds": [
    42,
    43,
    44,
    45,
    46
  ],
  "tasks": [
    "fifty_word_ns",
    "fifty_word_four_letter_ns",
    "fifty_word_five_letter_ns"
  ],
  "panels": [
    {
      "task": "fifty_word_ns",
      "seed": 42,
      "summary_seed": "b",
      "summary_steps": 151,
      "n_geometry_trials": 8,
      "full_space": {
        "gap": 11.563173828592358,
        "gap_over_diameter": 0.47426995976770164,
        "diameter": 24.380995655419593,
        "planarity_top2": 0.792571853631446,
        "mean_min_distance": 2.1015593724870847,
        "mean_min_distance_over_diameter": 0.08619661814426081,
        "hidden_size": 150
      },
      "pca_2d": {
        "pc1_variance_frac": 0.3957369303334583,
        "pc2_variance_frac": 0.36669209498963906,
        "closure_gap": 9.380753508808274,
        "closure_gap_over_diameter": 0.3156653708814509,
        "diameter": 29.71739815049667,
        "mean_min_distance": 0.15368115297092402,
        "mean_min_distance_over_diameter": 0.00517142019609666
      },
      "jpca": {
        "omega": 176.45706705108506
      }
    },
    {
      "task": "fifty_word_ns",
      "seed": 43,
      "summary_seed": "b",
      "summary_steps": 151,
      "n_geometry_trials": 8,
      "full_space": {
        "gap": 12.286220978624016,
        "gap_over_diameter": 0.5027540592702943,
        "diameter": 24.43783546264439,
        "planarity_top2": 0.9648035653248882,
        "mean_min_distance": 1.8954342862130646,
        "mean_min_distance_over_diameter": 0.07756146362104861,
        "hidden_size": 150
      },
      "pca_2d": {
        "pc1_variance_frac": 0.8908993876278811,
        "pc2_variance_frac": 0.03894973292117478,
        "closure_gap": 11.383738749446417,
        "closure_gap_over_diameter": 0.4772868666075004,
        "diameter": 23.85093650357637,
        "mean_min_distance": 0.3638016867675721,
        "mean_min_distance_over_diameter": 0.015253140551232494
      },
      "jpca": {
        "omega": 24.69674423186771
      }
    },
    {
      "task": "fifty_word_ns",
      "seed": 44,
      "summary_seed": "b",
      "summary_steps": 151,
      "n_geometry_trials": 8,
      "full_space": {
        "gap": 11.581284265501848,
        "gap_over_diameter": 0.5739414887740063,
        "diameter": 20.178510339513135,
        "planarity_top2": 0.8505940412068088,
        "mean_min_distance": 2.849175783576961,
        "mean_min_distance_over_diameter": 0.14119851939703223,
        "hidden_size": 150
      },
      "pca_2d": {
        "pc1_variance_frac": 0.5746247533980873,
        "pc2_variance_frac": 0.12199650646315399,
        "closure_gap": 5.141677176464991,
        "closure_gap_over_diameter": 0.45266698450689724,
        "diameter": 11.358630853244053,
        "mean_min_distance": 0.730293158259024,
        "mean_min_distance_over_diameter": 0.06429411851609303
      },
      "jpca": {
        "omega": 15.422211839897212
      }
    },
    {
      "task": "fifty_word_ns",
      "seed": 45,
      "summary_seed": "b",
      "summary_steps": 151,
      "n_geometry_trials": 8,
      "full_space": {
        "gap": 11.024938297246832,
        "gap_over_diameter": 0.45137603726195213,
        "diameter": 24.425174105661718,
        "planarity_top2": 0.9797729264264274,
        "mean_min_distance": 9.884558823591469,
        "mean_min_distance_over_diameter": 0.4046873435100814,
        "hidden_size": 150
      },
      "pca_2d": {
        "pc1_variance_frac": 0.5162656563470176,
        "pc2_variance_frac": 0.4202194953347525,
        "closure_gap": 9.872549324669938,
        "closure_gap_over_diameter": 0.4038121835898048,
        "diameter": 24.448369132662283,
        "mean_min_distance": 6.434167282876739,
        "mean_min_distance_over_diameter": 0.26317368033685673
      },
      "jpca": {
        "omega": 211.11926626976597
      }
    },
    {
      "task": "fifty_word_ns",
      "seed": 46,
      "summary_seed": "b",
      "summary_steps": 151,
      "n_geometry_trials": 8,
      "full_space": {
        "gap": 11.434997642670078,
        "gap_over_diameter": 0.46841110434374317,
        "diameter": 24.412311186966466,
        "planarity_top2": 0.9841466710434672,
        "mean_min_distance": 1.7750939365499858,
        "mean_min_distance_over_diameter": 0.07271306362413134,
        "hidden_size": 150
      },
      "pca_2d": {
        "pc1_variance_frac": 0.4841249359188036,
        "pc2_variance_frac": 0.43412436862426534,
        "closure_gap": 9.53469536166937,
        "closure_gap_over_diameter": 0.36071228597423827,
        "diameter": 26.432965364396622,
        "mean_min_distance": 0.09825810124617879,
        "mean_min_distance_over_diameter": 0.0037172560812463993
      },
      "jpca": {
        "omega": 207.39253142390604
      }
    },
    {
      "task": "fifty_word_four_letter_ns",
      "seed": 42,
      "summary_seed": "r",
      "summary_steps": 201,
      "n_geometry_trials": 8,
      "full_space": {
        "gap": 9.461494034181056,
        "gap_over_diameter": 0.46932255096337333,
        "diameter": 20.159896460887186,
        "planarity_top2": 0.7062572400724033,
        "mean_min_distance": 3.6533849263178713,
        "mean_min_distance_over_diameter": 0.18122042111703857,
        "hidden_size": 150
      },
      "pca_2d": {
        "pc1_variance_frac": 0.25403322764433856,
        "pc2_variance_frac": 0.20428491367340618,
        "closure_gap": 6.392222222892588,
        "closure_gap_over_diameter": 0.44246518228771975,
        "diameter": 14.446836675017625,
        "mean_min_distance": 1.921498612700626,
        "mean_min_distance_over_diameter": 0.13300479931523015
      },
      "jpca": {
        "omega": 8.131289202159046
      }
    },
    {
      "task": "fifty_word_four_letter_ns",
      "seed": 43,
      "summary_seed": "r",
      "summary_steps": 201,
      "n_geometry_trials": 8,
      "full_space": {
        "gap": 12.249373686575256,
        "gap_over_diameter": 0.5004525695644187,
        "diameter": 24.476592651401113,
        "planarity_top2": 0.9700855852386853,
        "mean_min_distance": 1.9715449602997814,
        "mean_min_distance_over_diameter": 0.08054817875914294,
        "hidden_size": 150
      },
      "pca_2d": {
        "pc1_variance_frac": 0.4796330034926105,
        "pc2_variance_frac": 0.4413683790630351,
        "closure_gap": 11.005053848880765,
        "closure_gap_over_diameter": 0.34642954469334003,
        "diameter": 31.767076502157042,
        "mean_min_distance": 0.13512747550954518,
        "mean_min_distance_over_diameter": 0.0042536956619338194
      },
      "jpca": {
        "omega": 393.0001317852171
      }
    },
    {
      "task": "fifty_word_four_letter_ns",
      "seed": 44,
      "summary_seed": "r",
      "summary_steps": 201,
      "n_geometry_trials": 8,
      "full_space": {
        "gap": 12.131271684914596,
        "gap_over_diameter": 0.4985064120528462,
        "diameter": 24.335237003187377,
        "planarity_top2": 0.9264668062628695,
        "mean_min_distance": 2.4191478955777908,
        "mean_min_distance_over_diameter": 0.09940925971918564,
        "hidden_size": 150
      },
      "pca_2d": {
        "pc1_variance_frac": 0.45778196884411904,
        "pc2_variance_frac": 0.40333199211538523,
        "closure_gap": 10.691022459502083,
        "closure_gap_over_diameter": 0.4187236948257014,
        "diameter": 25.53240380617186,
        "mean_min_distance": 0.1417612340634439,
        "mean_min_distance_over_diameter": 0.00555220868115741
      },
      "jpca": {
        "omega": 288.4346634912185
      }
    },
    {
      "task": "fifty_word_four_letter_ns",
      "seed": 45,
      "summary_seed": "r",
      "summary_steps": 201,
      "n_geometry_trials": 8,
      "full_space": {
        "gap": 11.79164857217352,
        "gap_over_diameter": 0.4833810790055962,
        "diameter": 24.39410453638589,