{
  "loss_iterations": [
    0,
    100,
    200,
    300,
    400,
    500,
    600,
    700,
    800,
    900,
    1000,
    1100,
    1200,
    1300,
    1400,
    1500,
    1600,
    1700,
    1800,
    1900,
    2000,
    2100,
    2200,
    2300,
    2400,
    2500,
    2600,
    2700,
    2800,
    2900,
    3000,
    3100,
    3200,
    3300,
    3400,
    3500,
    3600,
    3700,
    3800,
    3900,
    4000,
    4100,
    4200,
    4300,
    4400,
    4500,
    4600,
    4700,
    4800,
    4900,
    5000
  ],
  "loss_window": [
    1.6439531564712524,
    0.4878123551607132,
    0.309269380569458,
    0.2830184757709503,
    0.27070264220237733,
    0.26850703954696653,
    0.27248204350471494,
    0.262706370651722,
    0.2636926516890526,
    0.26854106187820437,
    0.2622969403862953,
    0.26637170761823653,
    0.26585745960474017,
    0.2683422267436981,
    0.2642541825771332,
    0.2655436500906944,
    0.26127628684043885,
    0.26057463735342024,
    0.2557987943291664,
    0.26026591211557387,
    0.2607854828238487,
    0.2589940458536148,
    0.26356731057167054,
    0.2623717814683914,
    0.2545579940080643,
    0.2658283993601799,
    0.26354949474334716,
    0.26102676391601565,
    0.2585211664438248,
    0.2617503985762596,
    0.26424214243888855,
    0.2637160673737526,
    0.24898828864097594,
    0.25653354078531265,
    0.265051132440567,
    0.2628036469221115,
    0.25853678286075593,
    0.2619316652417183,
    0.26283757090568544,
    0.2597829043865204,
    0.2624079018831253,
    0.2590857341885567,
    0.26152074337005615,
    0.26277642548084257,
    0.25844106525182725,
    0.2586353555321693,
    0.2604751899838448,
    0.26201346665620806,
    0.25781587362289426,
    0.255343197286129,
    0.2602695465087891
  ],
  "loss_smooth": [
    1.6439531564712524,
    1.6381724524647,
    1.6315279371052238,
    1.6247853897985525,
    1.6180149760605715,
    1.6112674363780035,
    1.604573509413637,
    1.5978641737198276,
    1.5911933161096738,
    1.5845800548385165,
    1.5779686392662555,
    1.5714106546080155,
    1.5648828886329993,
    1.5584001853235527,
    1.5519294553098206,
    1.545497526283725,
    1.5390764200865086,
    1.532683911172843,
    1.5262994855886245,
    1.5199693177212592,
    1.5136733985467723,
    1.5074000017833067,
    1.5011808383272485,
    1.4949867930429541,
    1.4887846490477796,
    1.4826698677993415,
    1.4765742659340615,
    1.470496528423971,
    1.4644366516140703,
    1.4584232203488814,
    1.4524523149593314,
    1.4465086337214035,
    1.4405210319960013,
    1.4346010945399479,
    1.428753344729451,
    1.422923596240414,
    1.4171016621735157,
    1.4113258121888568,
    1.4055833709824408,
    1.3998543686494613,
    1.3941671363156298,
    1.3884917293049945,
    1.3828568743753198,
    1.3772564721308473,
    1.3716623950964524,
    1.366097259898631,
    1.360569149549057,
    1.3550763711345928,
    1.3495900686470341,
    1.3441188342902295,
    1.3386995878513221
  ],
  "metric_iterations": [
    0,
    100,
    200,
    300,
    400,
    500,
    600,
    700,
    800,
    900,
    1000,
    1100,
    1200,
    1300,
    1400,
    1500,
    1600,
    1700,
    1800,
    1900,
    2000,
    2100,
    2200,
    2300,
    2400,
    2500,
    2600,
    2700,
    2800,
    2900,
    3000,
    3100,
    3200,
    3300,
    3400,
    3500,
    3600,
    3700,
    3800,
    3900,
    4000,
    4100,
    4200,
    4300,
    4400,
    4500,
    4600,
    4700,
    4800,
    4900,
    5000
  ],
  "metric_word_error_frac": [
    0.3968253968253968,
    0.3557552236660613,
    0.11047386039440632,
    0.07216050075437348,
    0.04228855721393034,
    0.04724691773657471,
    0.017543859649122806,
    0.009987655706430254,
    0.007537783853573327,
    0.017581833371307056,
    0.005031518189412926,
    0.01000664256752238,
    0.005050505050505051,
    0.002506265664160401,
    0.005031518189412926,
    0.005031518189412926,
    0.005031518189412926,
    0.002506265664160401,
    0.005050505050505051,
    0.005012531328320802,
    0.002506265664160401,
    0.0025252525252525255,
    0.0,
    0.0025445292620865138,
    0.007518796992481203,
    0.0,
    0.0,
    0.004975124378109453,
    0.0025252525252525255,
    0.002506265664160401,
    0.0,
    0.005012531328320802,
    0.0,
    0.0,
    0.0,
    0.0,
    0.0,
    0.0025252525252525255,
    0.0,
    0.0025252525252525255,
    0.0,
    0.005012531328320802,
    0.0,
    0.002506265664160401,
    0.0,
    0.0,
    0.0,
    0.0,
    0.0,
    0.002506265664160401,
    0.0
  ],
  "sample_before": "nttubbcbntntuuuntntnntctttnttttntnnbnbcuntcntccbcn",
  "sample_after": "cubcubcubnutnutcubnutnutcubnutcubnutcubcubnutcubnu",
  "demo_snippet": "cubcubnutcubcubcubcubcubnutcubcubcubcubcubcubcubnu",
  "demo_before": "nttubbcbntntuuuntntnntctttnttttntnnbnbcuntcntccbcn",
  "demo_after": "cubcubcubnutnutcubnutnutcubnutcubnutcubcubnutcubnu",
  "demo_word_error_frac": 0.0,
  "demo_rng_seed": 5042,
  "demo_seed_char": "b",
  "final_word_error_frac": 0.0015037593984962405,
  "stoi": {
    "b": 0,
    "c": 1,
    "n": 2,
    "t": 3,
    "u": 4
  },
  "itos": {
    "0": "b",
    "1": "c",
    "2": "n",
    "3": "t",
    "4": "u"
  }
}