{
  "loss_iterations": [
    0,
    100,
    200,
    300,
    400,
    500,
    600,
    700,
    800,
    900,
    1000,
    1100,
    1200,
    1300,
    1400,
    1500,
    1600,
    1700,
    1800,
    1900,
    2000,
    2100,
    2200,
    2300,
    2400,
    2500,
    2600,
    2700,
    2800,
    2900,
    3000,
    3100,
    3200,
    3300,
    3400,
    3500,
    3600,
    3700,
    3800,
    3900,
    4000,
    4100,
    4200,
    4300,
    4400,
    4500,
    4600,
    4700,
    4800,
    4900,
    5000
  ],
  "loss_window": [
    2.245631384849548,
    0.6324030995368958,
    0.5164829313755035,
    0.49980752170085907,
    0.4725594162940979,
    0.48095168471336364,
    0.47734745144844054,
    0.468537038564682,
    0.4705206960439682,
    0.46937777698040006,
    0.461835652589798,
    0.46978460252285004,
    0.46930704414844515,
    0.46693466007709505,
    0.4658990830183029,
    0.46111739575862887,
    0.45310908555984497,
    0.4549247890710831,
    0.46209695637226106,
    0.46253215670585635,
    0.46125763952732085,
    0.46384396553039553,
    0.46094184517860415,
    0.45992342531681063,
    0.4661337971687317,
    0.45873314440250396,
    0.4549045950174332,
    0.46097664833068847,
    0.46705617010593414,
    0.45763329565525057,
    0.4608392834663391,
    0.4624232202768326,
    0.46198904514312744,
    0.46267021298408506,
    0.45438704788684847,
    0.46245441436767576,
    0.45665221810340884,
    0.4649559885263443,
    0.45846533179283144,
    0.46868524253368377,
    0.46249854266643525,
    0.4643695801496506,
    0.46276375353336335,
    0.4592112064361572,
    0.46536731719970703,
    0.45993030071258545,
    0.4704147666692734,
    0.4631656378507614,
    0.46482056081295015,
    0.4636222630739212,
    0.4564356207847595
  ],
  "loss_smooth": [
    2.245631384849548,
    2.237565243422985,
    2.2289598318627477,
    2.220314070311938,
    2.2115752970418487,
    2.2029221789802063,
    2.1942943053425474,
    2.185665519008658,
    2.1770897948938344,
    2.168551234804267,
    2.160017656893195,
    2.151566491621343,
    2.1431551943839784,
    2.134774091712444,
    2.1264297166689734,
    2.118103155064422,
    2.109778184716899,
    2.1015039177386696,
    2.0933068829318375,
    2.0851530093007073,
    2.0770335324518405,
    2.0689675846172335,
    2.0609274559200403,
    2.052922435767024,
    2.0449884925740327,
    2.0370572158331752,
    2.0291464527290963,
    2.021305603707104,
    2.013534356539098,
    2.005754851234679,
    1.998030273395837,
    1.990352238130242,
    1.9827104221653065,
    1.9751102211194005,
    1.9675066052532377,
    1.95998134429881,
    1.9524646986678331,
    1.9450271551171257,
    1.937594346000504,
    1.93024980048317,
    1.9229110441940864,
    1.9156183368738642,
    1.9083540639571617,
    1.9011083496695567,
    1.8939296445072074,
    1.8867596477882342,
    1.8796779233826395,
    1.8725953619549802,
    1.86555648794927,
    1.8585468168248933,
    1.8515362608446926
  ],
  "metric_iterations": [
    0,
    100,
    200,
    300,
    400,
    500,
    600,
    700,
    800,
    900,
    1000,
    1100,
    1200,
    1300,
    1400,
    1500,
    1600,
    1700,
    1800,
    1900,
    2000,
    2100,
    2200,
    2300,
    2400,
    2500,
    2600,
    2700,
    2800,
    2900,
    3000,
    3100,
    3200,
    3300,
    3400,
    3500,
    3600,
    3700,
    3800,
    3900,
    4000,
    4100,
    4200,
    4300,
    4400,
    4500,
    4600,
    4700,
    4800,
    4900,
    5000
  ],
  "metric_word_error_frac": [
    0.24444444444444446,
    0.2659167928473574,
    0.10819664854962818,
    0.08088235294117646,
    0.04002543672614372,
    0.03943600220921047,
    0.025082493660655483,
    0.027381887554707662,
    0.020050125313283207,
    0.007481390042269854,
    0.007481390042269854,
    0.010063036378825852,
    0.015037593984962405,
    0.010082023239917977,
    0.002506265664160401,
    0.002506265664160401,
    0.0,
    0.005012531328320802,
    0.0,
    0.0,
    0.0025252525252525255,
    0.002506265664160401,
    0.004975124378109453,
    0.004975124378109453,
    0.0,
    0.002506265664160401,
    0.0,
    0.005012531328320802,
    0.0,
    0.002506265664160401,
    0.0,
    0.0,
    0.0,
    0.0,
    0.0,
    0.002506265664160401,
    0.007518796992481203,
    0.0,
    0.0,
    0.0,
    0.007518796992481203,
    0.002506265664160401,
    0.0,
    0.002506265664160401,
    0.0,
    0.0,
    0.0,
    0.0,
    0.0,
    0.002506265664160401,
    0.0
  ],
  "sample_before": "cnarctbtrrrrarbabrbttcratccrbnrbbtrnbrcrccctnntbtb",
  "sample_after": "bcabcarcancarcabcatcarcabcabcabcatcabcancancarcarc",
  "demo_snippet": "carcarcancabcarcarcabcarcabcatcatcabcatcancabcatca",
  "demo_before": "cnarctbtrrrrarbabrbttcratccrbnrbbtrnbrcrccctnntbtb",
  "demo_after": "bcabcarcancarcabcatcarcabcabcabcatcabcancancarcarc",
  "demo_word_error_frac": 0.0,
  "demo_rng_seed": 5042,
  "demo_seed_char": "a",
  "final_word_error_frac": 0.0015037593984962405,
  "stoi": {
    "a": 0,
    "b": 1,
    "c": 2,
    "n": 3,
    "r": 4,
    "t": 5
  },
  "itos": {
    "0": "a",
    "1": "b",
    "2": "c",
    "3": "n",
    "4": "r",
    "5": "t"
  }
}