{
  "loss_iterations": [
    0,
    50,
    100,
    150,
    200,
    250,
    300,
    350,
    400,
    450,
    500,
    550,
    600,
    650,
    700,
    750,
    800,
    850,
    900,
    950,
    1000,
    1050,
    1100,
    1150,
    1200,
    1250,
    1300,
    1350,
    1400,
    1450,
    1500,
    1550,
    1600,
    1650,
    1700,
    1750,
    1800,
    1850,
    1900,
    1950,
    2000,
    2050,
    2100,
    2150,
    2200,
    2250,
    2300,
    2350,
    2400,
    2450,
    2500,
    2550,
    2600,
    2650,
    2700,
    2750,
    2800,
    2850,
    2900,
    2950,
    3000,
    3050,
    3100,
    3150,
    3200,
    3250,
    3300,
    3350,
    3400,
    3450,
    3500,
    3550,
    3600,
    3650,
    3700,
    3750,
    3800,
    3850,
    3900,
    3950,
    4000
  ],
  "loss_window": [
    2.956699550151825,
    1.4165603399276734,
    1.2865377724170686,
    1.1222480356693267,
    1.0601529419422149,
    1.0194446384906768,
    1.018820059299469,
    0.9971316695213318,
    1.000065141916275,
    0.9908495008945465,
    0.9919159531593322,
    1.0006351739168167,
    0.9922027289867401,
    0.9863973051309586,
    0.9827648878097535,
    0.9787221133708954,
    0.9815345853567123,
    0.9829337567090988,
    0.979013878107071,
    0.9988960355520249,
    0.9902914583683013,
    0.9851716607809067,
    0.9777688771486283,
    0.9818464040756225,
    0.9741389274597168,
    0.9702813982963562,
    0.9802229046821594,
    0.9642860472202301,
    0.9764851152896881,
    0.9751735955476761,
    0.978863874077797,
    0.9775856494903564,
    0.9758978962898255,
    0.968747541308403,
    0.9764873892068863,
    0.9888197362422944,
    0.9632394254207611,
    0.9716800183057785,
    0.9707059293985367,
    0.9710314393043518,
    0.9824079394340515,
    0.9753449946641922,
    0.9786096930503845,
    0.9833661377429962,
    0.9800962805747986,
    0.9717743456363678,
    0.9744752496480942,
    0.9836023807525635,
    0.9620653450489044,
    0.9635468691587448,
    0.9617805153131485,
    0.9706412225961685,
    0.9616832286119461,
    0.9640291303396225,
    0.9594154298305512,
    0.9650481343269348,
    0.96999192237854,
    0.9702677935361862,
    0.9651647835969925,
    0.9622560530900955,
    0.9676167607307434,
    0.9591968208551407,
    0.9881747126579284,
    0.9564948529005051,
    0.9680487036705017,
    0.9672549188137054,
    0.9652016580104827,
    0.9657487094402313,
    0.9728137373924255,
    0.978710463643074,
    0.9549481332302093,
    0.9666239410638809,
    0.9565742671489715,
    0.9571911126375199,
    0.9678447544574738,
    0.9543109357357025,
    0.9799538075923919,
    0.9741964042186737,
    0.9614775031805038,
    0.9564565151929856,
    0.9532322019338608
  ],
  "loss_smooth": [
    2.956699550151825,
    2.948998854100704,
    2.9406865486922857,
    2.931594356127171,
    2.9222371490562464,
    2.9127231865034187,
    2.903253670867399,
    2.8937230608606686,
    2.8842547712659465,
    2.8747877449140895,
    2.8653733859553157,
    2.8560496948951233,
    2.8467304600655816,
    2.8374287942909087,
    2.828155474758503,
    2.8189083079515647,
    2.80972143933859,
    2.8005875009254426,
    2.7914796328113507,
    2.782516714825054,
    2.77355558854277,
    2.764613668903961,
    2.7556794449451845,
    2.7468102797408367,
    2.737946922979431,
    2.7291085953560157,
    2.7203641669026464,
    2.7115837763042343,
    2.7029082829991617,
    2.6942696095619043,
    2.6856925808844836,
    2.677152046227513,
    2.6686457754778243,
    2.6601462843069776,
    2.651727989831477,
    2.643413448563531,
    2.6350125784478173,
    2.6266959156471072,
    2.6184159657158643,
    2.6101790430838068,
    2.6020401875655583,
    2.5939067116010515,
    2.585830226508298,
    2.5778179060644715,
    2.5698292979370234,
    2.56183902317552,
    2.553902204307883,
    2.5460507051901065,
    2.5381307783894007,
    2.5302578588432474,
    2.522415472125597,
    2.5146566008779496,
    2.5068917340166195,
    2.4991774209982345,
    2.491478611042396,
    2.4838464586588187,
    2.4762771859774175,
    2.4687471390152114,
    2.46122922723812,
    2.4537343613673803,
    2.446303773364197,
    2.4388682386016516,
    2.431614770971933,
    2.4242391713815756,
    2.41695821904302,
    2.409709702541873,
    2.4024871623192157,
    2.3953034700548206,
    2.388191021391509,
    2.3811436186027666,
    2.3740126411759035,
    2.3669756976753433,
    2.3599236905227117,
    2.352910027633286,
    2.345984701267407,
    2.3390263324397482,
    2.332230969815511,
    2.3254407969875266,
    2.3186209805184914,
    2.311810158191864,
    2.3050172684105736
  ],
  "metric_iterations": [
    0,
    50,
    100,
    150,
    200,
    250,
    300,
    350,
    400,
    450,
    500,
    550,
    600,
    650,
    700,
    750,
    800,
    850,
    900,
    950,
    1000,
    1050,
    1100,
    1150,
    1200,
    1250,
    1300,
    1350,
    1400,
    1450,
    1500,
    1550,
    1600,
    1650,
    1700,
    1750,
    1800,
    1850,
    1900,
    1950,
    2000,
    2050,
    2100,
    2150,
    2200,
    2250,
    2300,
    2350,
    2400,
    2450,
    2500,
    2550,
    2600,
    2650,
    2700,
    2750,
    2800,
    2850,
    2900,
    2950,
    3000,
    3050,
    3100,
    3150,
    3200,
    3250,
    3300,
    3350,
    3400,
    3450,
    3500,
    3550,
    3600,
    3650,
    3700,
    3750,
    3800,
    3850,
    3900,
    3950,
    4000
  ],
  "metric_word_error_frac": [
    0.4570119865223771,
    0.43139589397612693,
    0.39121894417810554,
    0.2603358120711657,
    0.18802147488412582,
    0.1071082035938266,
    0.08020446928131221,
    0.0924212047336332,
    0.08387757728067101,
    0.06459803752797383,
    0.07010027669055406,
    0.056103037015271716,
    0.06687171866522312,
    0.049218581018078626,
    0.05232008204051705,
    0.06424827937991462,
    0.06410615279166608,
    0.05743171230586488,
    0.060638774939070945,
    0.07092046007725353,
    0.06150958650958651,
    0.05278816328791403,
    0.040430881764672265,
    0.062194287330013844,
    0.026279596401547617,
    0.08644619990193793,
    0.05015789921091576,
    0.05256909537318138,
    0.057611046993957866,
    0.0639759657629883,
    0.039227168581812945,
    0.04220811550908638,
    0.030119280562612493,
    0.027801069634707517,
    0.04663189269746646,
    0.04511556510414306,
    0.03360429051848222,
    0.034415236093636364,
    0.04113557137760505,
    0.036192648055237135,
    0.029446407538280327,
    0.041710747456190654,
    0.029411822014124536,
    0.02925839949846572,
    0.04196012209248342,
    0.02622929207774279,
    0.01865771146286264,
    0.026392328314987112,
    0.031233784572504614,
    0.02537591086952921,
    0.02697493924201999,
    0.055597473021335664,
    0.030647184452271426,
    0.015124277047025922,
    0.032863145258103243,
    0.017830494000001442,
    0.031866780318667805,
    0.016697889942923056,
    0.029485190406008912,
    0.028373260700212097,
    0.033263246311771966,
    0.029207307901465973,
    0.020507622851537084,
    0.020894834143472985,
    0.03711879045086396,
    0.035355827580638294,
    0.023212436140280724,
    0.0391609977324263,
    0.030133724288062557,
    0.044164435431189135,
    0.02546304858297326,
    0.03217636673014248,
    0.0171968298447612,
    0.03073603549102642,
    0.010381290388124438,
    0.022050012227928587,
    0.013142516780283086,
    0.03086452572799338,
    0.015442265652742924,
    0.012899543378995433,
    0.02613309185474134
  ],
  "sample_before": "mttnkirtfppifadrininfrpnmnemdardsccacrrescachlsntc",
  "sample_after": "betbankcatplantslantinimakeplantcrankbedlateincake",
  "demo_snippet": "slantanacrankmathathatbecrankanblankcranklateatpla",
  "demo_before": "mttnkirtfppifadrininfrpnmnemdardsccacrrescachlsntc",
  "demo_after": "betbankcatplantslantinimakeplantcrankbedlateincake",