{
  "loss_iterations": [
    0,
    100,
    200,
    300,
    400,
    500,
    600,
    700,
    800,
    900,
    1000,
    1100,
    1200,
    1300,
    1400,
    1500,
    1600,
    1700,
    1800,
    1900,
    2000,
    2100,
    2200,
    2300,
    2400,
    2500,
    2600,
    2700,
    2800,
    2900,
    3000,
    3100,
    3200,
    3300,
    3400,
    3500,
    3600,
    3700,
    3800,
    3900,
    4000,
    4100,
    4200,
    4300,
    4400,
    4500,
    4600,
    4700,
    4800,
    4900,
    5000,
    5100,
    5200,
    5300,
    5400,
    5500,
    5600,
    5700,
    5800,
    5900,
    6000,
    6100,
    6200,
    6300,
    6400,
    6500,
    6600,
    6700,
    6800,
    6900,
    7000,
    7100,
    7200,
    7300,
    7400,
    7500,
    7600,
    7700,
    7800,
    7900,
    8000,
    8100,
    8200,
    8300,
    8400,
    8500,
    8600,
    8700,
    8800,
    8900,
    9000,
    9100,
    9200,
    9300,
    9400,
    9500,
    9600,
    9700,
    9800,
    9900,
    10000,
    10100,
    10200,
    10300,
    10400,
    10500,
    10600,
    10700,
    10800,
    10900,
    11000,
    11100,
    11200,
    11300,
    11400,
    11500,
    11600,
    11700,
    11800,
    11900,
    12000,
    12100,
    12200,
    12300,
    12400,
    12500,
    12600,
    12700,
    12800,
    12900,
    13000,
    13100,
    13200,
    13300,
    13400,
    13500,
    13600,
    13700,
    13800,
    13900,
    14000,
    14100,
    14200,
    14300,
    14400,
    14500,
    14600,
    14700,
    14800,
    14900,
    15000,
    15100,
    15200,
    15300,
    15400,
    15500,
    15600,
    15700,
    15800,
    15900,
    16000,
    16100,
    16200,
    16300,
    16400,
    16500,
    16600,
    16700,
    16800,
    16900,
    17000,
    17100,
    17200,
    17300,
    17400,
    17500,
    17600,
    17700,
    17800,
    17900,
    18000,
    18100,
    18200,
    18300,
    18400,
    18500,
    18600,
    18700,
    18800,
    18900,
    19000,
    19100,
    19200,
    19300,
    19400,
    19500,
    19600,
    19700,
    19800,
    19900,
    20000
  ],
  "loss_window": [
    1.5899419069290162,
    0.8306842386722565,
    0.5771404087543488,
    0.43159571588039397,
    0.40304996967315676,
    0.39537600576877596,
    0.38970173299312594,
    0.39094586074352267,
    0.38494874238967897,
    0.38008745312690734,
    0.38214313685894014,
    0.37970671653747556,
    0.38480840921401976,
    0.3817324697971344,
    0.3841662973165512,
    0.3874660789966583,
    0.37563733458518983,
    0.3836810290813446,
    0.3890028536319733,
    0.3806465655565262,
    0.38077878057956693,
    0.3784750193357468,
    0.37693543136119845,
    0.37997801005840304,
    0.38541651964187623,
    0.37808323800563814,
    0.38056554794311526,
    0.38307689130306244,
    0.3816813051700592,
    0.37544953525066377,
    0.3821133017539978,
    0.3790366679430008,
    0.3796729028224945,
    0.37896877229213716,
    0.3821399211883545,
    0.37929911315441134,
    0.38188670575618744,
    0.3817119002342224,
    0.38525446951389314,
    0.38400407135486603,
    0.37757671177387236,
    0.3765306413173676,
    0.38093083202838895,
    0.38182023763656614,
    0.38580772578716277,
    0.37482846677303316,
    0.3838275134563446,
    0.37364950180053713,
    0.38251658380031583,
    0.37710279822349546,
    0.3735394090414047,
    0.3799476772546768,
    0.385792487859726,
    0.37720048129558564,
    0.38077236115932467,
    0.3759531110525131,
    0.3804769843816757,
    0.3798175394535065,
    0.37288451194763184,
    0.3839219778776169,
    0.36808196306228635,
    0.37879151701927183,
    0.38499724566936494,
    0.3805351346731186,
    0.37538331747055054,
    0.3760805159807205,
    0.3751787722110748,
    0.37300952076911925,
    0.37238775491714476,
    0.37640317976474763,
    0.3767094790935516,
    0.3764719933271408,
    0.374352952837944,
    0.37957176864147185,
    0.37536848783493043,
    0.3769970804452896,
    0.374443057179451,
    0.3790468215942383,
    0.3756935060024261,
    0.384220951795578,
    0.37478238344192505,
    0.37456158101558684,
    0.3786493331193924,
    0.3804828852415085,
    0.3840050011873245,
    0.3776955336332321,
    0.37587845623493193,
    0.37912191152572633,
    0.37653134763240814,
    0.37996875047683715,
    0.37681032419204713,
    0.3772454082965851,
    0.3788716495037079,
    0.38131448328495027,
    0.3757909685373306,
    0.3815813273191452,
    0.37870736718177794,
    0.3788526624441147,
    0.37284962832927704,
    0.3757304012775421,
    0.38235812187194823,
    0.38495330810546874,
    0.37718783020973207,
    0.375426584482193,
    0.3740804821252823,
    0.3847085922956467,
    0.37942413091659544,
    0.37865251302719116,
    0.38520162999629975,
    0.38341769576072693,
    0.38526672720909116,
    0.3772703051567078,
    0.37368249893188477,
    0.3806481122970581,
    0.38142967224121094,
    0.3826005786657333,
    0.38356471955776217,
    0.37457930147647855,
    0.38637239933013917,
    0.3805613100528717,
    0.38048439621925356,
    0.3780965119600296,
    0.3732356518507004,
    0.3759758502244949,
    0.3757285296916962,
    0.37903166711330416,
    0.3805908501148224,
    0.3728071302175522,
    0.38107784688472746,
    0.3809066653251648,
    0.3772787809371948,
    0.3807182341814041,
    0.37973088920116427,
    0.37422861754894254,
    0.37498941719532014,
    0.3819317281246185,
    0.370524001121521,
    0.3821836084127426,
    0.3891103059053421,
    0.375581419467926,
    0.37736777663230897,
    0.37921501100063326,
    0.3722332239151001,
    0.38011101484298704,
    0.37509405612945557,
    0.380252531170845,
    0.3639044761657715,
    0.3800310790538788,
    0.3830950826406479,
    0.3851358413696289,
    0.3780468970537186,
    0.37459868788719175,
    0.3785849720239639,
    0.3707363545894623,
    0.3734270453453064,
    0.3784931838512421,
    0.37439732253551483,
    0.38026191890239713,
    0.37620592713356016,
    0.37185045778751374,
    0.3739804118871689,
    0.3817317008972168,
    0.37540099024772644,
    0.37441680431365965,
    0.370123890042305,
    0.37558328807353974,
    0.3788465827703476,
    0.3739805042743683,
    0.3792017221450806,
    0.371225905418396,
    0.37827588319778443,
    0.37474859952926637,
    0.3731722474098206,
    0.37720905244350433,
    0.3770992308855057,
    0.37778201401233674,
    0.3742841124534607,
    0.37436196506023406,
    0.38323800563812255,
    0.3758020311594009,
    0.37661820352077485,
    0.3740140199661255,
    0.37842013537883756,
    0.37798031866550447,
    0.37742696702480316,
    0.3825422912836075,
    0.3837803483009338,
    0.37306203246116637,
    0.3744077980518341,
    0.37750148177146914,
    0.3757881760597229,
    0.3774694412946701,
    0.3744973838329315,
    0.3837425529956818,
    0.380410361289978,
    0.3787388980388641,
    0.3797006905078888,
    0.371382999420166,
    0.37281150817871095,
    0.3781823754310608,
    0.3787840574979782
  ],