{
  "loss_iterations": [
    0,
    100,
    200,
    300,
    400,
    500,
    600,
    700,
    800,
    900,
    1000,
    1100,
    1200,
    1300,
    1400,
    1500,
    1600,
    1700,
    1800,
    1900,
    2000,
    2100,
    2200,
    2300,
    2400,
    2500,
    2600,
    2700,
    2800,
    2900,
    3000,
    3100,
    3200,
    3300,
    3400,
    3500,
    3600,
    3700,
    3800,
    3900,
    4000,
    4100,
    4200,
    4300,
    4400,
    4500,
    4600,
    4700,
    4800,
    4900,
    5000
  ],
  "loss_window": [
    1.4869909286499023,
    0.8417785108089447,
    0.5687075018882751,
    0.4546763479709625,
    0.3948468089103699,
    0.4006820946931839,
    0.3900164306163788,
    0.3936005026102066,
    0.3816130429506302,
    0.38007556200027465,
    0.38412684500217437,
    0.3838349610567093,
    0.38851745128631593,
    0.3820008307695389,
    0.38723124563694,
    0.3833417743444443,
    0.3859740048646927,
    0.38052064180374146,
    0.38386220037937163,
    0.381628155708313,
    0.38159958720207215,
    0.3834800451993942,
    0.38109787702560427,
    0.38625144958496094,
    0.3825922906398773,
    0.38035204708576204,
    0.38606503009796145,
    0.37801251709461214,
    0.38327309787273406,
    0.3797544717788696,
    0.3824658960103989,
    0.3827269971370697,
    0.3837132930755615,
    0.3766952872276306,
    0.3707828253507614,
    0.38283865749835966,
    0.3818039268255234,
    0.3797802418470383,
    0.3796412914991379,
    0.3727833658456802,
    0.3854969352483749,
    0.3750235289335251,
    0.3796499162912369,
    0.37819265723228457,
    0.3761877536773682,
    0.37112040221691134,
    0.3793424993753433,
    0.3794599652290344,
    0.3803962588310242,
    0.37955779731273653,
    0.37565982043743135
  ],
  "loss_smooth": [
    1.4869909286499023,
    1.4837648665606975,
    1.4791895797373353,
    1.4740670135785034,
    1.468670912555163,
    1.4633309684658529,
    1.4579643957766053,
    1.4526425763107733,
    1.4472874286439725,
    1.441951369310754,
    1.4366622466892112,
    1.4313981102610487,
    1.4261837069661751,
    1.420962792585192,
    1.4157941348504508,
    1.4106318730479208,
    1.4055085837070047,
    1.4003836439974884,
    1.3953010367793979,
    1.3902326723740424,
    1.3851895069481825,
    1.3801809596394385,
    1.3751855442263694,
    1.3702408737531624,
    1.365302630837596,
    1.3603778779188367,
    1.3555063136797323,
    1.3506188446968066,
    1.3457821159626862,
    1.340951977741767,
    1.3361595473331103,
    1.33139238458213,
    1.3266539891245972,
    1.3219041956151123,
    1.3171485887637904,
    1.3124770391074632,
    1.3078236735460533,
    1.3031834563875582,
    1.298565745563116,
    1.293936833664529,
    1.289394634172448,
    1.2848227786462534,
    1.2802969143344782,
    1.2757863930489672,
    1.2712883998521094,
    1.2667875598639333,
    1.2623503345614904,
    1.2579358827148281,
    1.2535481845954093,
    1.249178232658996,
    1.244810640597888
  ],
  "metric_iterations": [
    0,
    100,
    200,
    300,
    400,
    500,
    600,
    700,
    800,
    900,
    1000,
    1100,
    1200,
    1300,
    1400,
    1500,
    1600,
    1700,
    1800,
    1900,
    2000,
    2100,
    2200,
    2300,
    2400,
    2500,
    2600,
    2700,
    2800,
    2900,
    3000,
    3100,
    3200,
    3300,
    3400,
    3500,
    3600,
    3700,
    3800,
    3900,
    4000,
    4100,
    4200,
    4300,
    4400,
    4500,
    4600,
    4700,
    4800,
    4900,
    5000
  ],
  "metric_word_error_frac": [
    0.9871773937403413,
    0.922212608455308,
    0.4622791126366641,
    0.2374532702138992,
    0.08837516054010901,
    0.05424998282141139,
    0.034051504596423594,
    0.04023706452277881,
    0.013536727822442108,
    0.0272108843537415,
    0.01016972445543874,
    0.050917336631622345,
    0.016972445543874115,
    0.016869374012231157,
    0.02033944891087748,
    0.02367209510066653,
    0.013605442176870748,
    0.0,
    0.013605442176870748,
    0.02033944891087748,
    0.006768363911221054,
    0.0,
    0.006768363911221054,
    0.02040816326530612,
    0.01020408163265306,
    0.0,
    0.006802721088435374,
    0.003401360544217687,
    0.006768363911221054,
    0.006802721088435374,
    0.023706452277880846,
    0.003401360544217687,
    0.010101010101010102,
    0.003401360544217687,
    0.01016972445543874,
    0.003401360544217687,
    0.0,
    0.01016972445543874,
    0.003401360544217687,
    0.006802721088435374,
    0.006802721088435374,
    0.003401360544217687,
    0.0,
    0.0033670033670033673,
    0.003401360544217687,
    0.006802721088435374,
    0.003401360544217687,
    0.006802721088435374,
    0.0,
    0.0,
    0.01020408163265306
  ],
  "sample_before": "ta t aeae aeatetaee ttt eaatt    ataaae   ae ta ea",
  "sample_after": "eat ate ate tea eat ate eat tea tea ate tea tea te",
  "demo_snippet": "tea ate ate tea eat ate ate ate tea ate tea tea te",
  "demo_before": "ta t aeae aeatetaee ttt eaatt    ataaae   ae ta ea",
  "demo_after": "eat ate ate tea eat ate eat tea tea ate tea tea te",
  "demo_word_error_frac": 0.010101010101010102,
  "demo_rng_seed": 5409,
  "demo_seed_char": " ",
  "final_word_error_frac": 0.00202020202020202,
  "stoi": {
    " ": 0,
    "a": 1,
    "e": 2,
    "t": 3
  },
  "itos": {
    "0": " ",
    "1": "a",
    "2": "e",
    "3": "t"
  }
}