{
  "comparison": "fixed_letters_dfa_ns",
  "alphabet": "abcd",
  "n_letters": 4,
  "seed": 1,
  "max_k": 20,
  "panels": [
    {
      "task": "fixlettdfa_r00_ns",
      "seed": 1,
      "run_id": 0,
      "n_words": 4,
      "n_letters": 4,
      "n_dfa_states": 6,
      "words": [
        "cc",
        "bb",
        "dd",
        "aa"
      ],
      "alphabet": "abcd",
      "spectrum_pct": [
        54.46158668759885,
        44.258480269573155,
        0.7420634304936298,
        0.4350954853808178,
        0.10277412695353665,
        5.063145756726487e-31,
        0.0,
        0.0,
        0.0,
        0.0,
        0.0,
        0.0,
        0.0,
        0.0,
        0.0,
        0.0,
        0.0,
        0.0,
        0.0,
        0.0
      ]
    },
    {
      "task": "fixlettdfa_r01_ns",
      "seed": 1,
      "run_id": 1,
      "n_words": 4,
      "n_letters": 4,
      "n_dfa_states": 8,
      "words": [
        "aaa",
        "cc",
        "bb",
        "ddd"
      ],
      "alphabet": "abcd",
      "spectrum_pct": [
        32.13401707433952,
        27.596268587217565,
        14.800487040270372,
        11.171787429553659,
        5.942589790266293,
        3.0162160499100628,
        2.1899264652379884,
        1.603653456311605,
        0.9737586218102705,
        0.5712954850826566,
        5.382584229081591e-31,
        0.0,
        0.0,
        0.0,
        0.0,
        0.0,
        0.0,
        0.0,
        0.0,
        0.0
      ]
    },
    {
      "task": "fixlettdfa_r02_ns",
      "seed": 1,
      "run_id": 2,
      "n_words": 5,
      "n_letters": 4,
      "n_dfa_states": 10,
      "words": [
        "bbb",
        "aaa",
        "cc",
        "abbad",
        "dd"
      ],
      "alphabet": "abcd",
      "spectrum_pct": [
        34.12122446991442,
        27.62614817300677,
        10.984939766592465,
        9.900555449245944,
        5.257711560508848,
        3.6248381377316035,
        2.7909827938319784,
        2.1927694156631055,
        1.0826053594478715,
        0.7708717855957476,
        0.6694260704646929,
        0.4579730944879742,
        0.3181958511011245,
        0.20175807240745466,
        1.519527896558499e-30,
        0.0,
        0.0,
        0.0,
        0.0,
        0.0
      ]
    },
    {
      "task": "fixlettdfa_r03_ns",
      "seed": 1,
      "run_id": 3,
      "n_words": 6,
      "n_letters": 4,
      "n_dfa_states": 12,
      "words": [
        "cc",
        "acbdaa",
        "ddd",
        "cbd",
        "aa",
        "bbb"
      ],
      "alphabet": "abcd",
      "spectrum_pct": [
        32.05963697329419,
        19.504481377656706,
        10.892570439943295,
        10.223035006218629,
        7.642467959845728,
        5.712720685418975,
        2.9341481848224245,
        2.305155020976976,
        1.8616887573302747,
        1.4590431792980514,
        1.2033839398453043,
        0.7528771388236107,
        0.7256112987751133,
        0.47465725148967197,
        0.41558795154794415,
        0.3783000779604585,
        0.2675789329813623,
        0.2286634627748665,
        0.16528970282285885,
        0.12021848596440006
      ]
    },
    {
      "task": "fixlettdfa_r04_ns",
      "seed": 1,
      "run_id": 4,
      "n_words": 7,
      "n_letters": 4,
      "n_dfa_states": 14,
      "words": [
        "cdbc",
        "ddd",
        "bb",
        "ccc",
        "dadcc",
        "ccabca",
        "aa"
      ],
      "alphabet": "abcd",
      "spectrum_pct": [
        18.429186790000713,
        16.571174403092055,
        13.345036252187779,
        9.992759012916649,
        9.790608480420984,
        8.707485672722214,
        4.665117694335284,
        4.080354140184815,
        3.494403744955214,
        2.2267855085569637,
        2.042023488468548,
        1.7379246390816652,
        1.0313017039183836,
        0.750723563323508,
        0.6647496231252504,
        0.44869436282843395,
        0.41184693098625746,
        0.31103591441768325,
        0.2602051600213596,
        0.19056103934041443
      ]
    },
    {
      "task": "fixlettdfa_r05_ns",
      "seed": 1,
      "run_id": 5,
      "n_words": 8,
      "n_letters": 4,
      "n_dfa_states": 16,
      "words": [
        "db",
        "dd",
        "dcccdb",
        "bbb",
        "dbacbd",
        "aad",
        "aaa",
        "ccc"
      ],
      "alphabet": "abcd",
      "spectrum_pct": [
        28.778963921808113,
        19.10104567204302,
        12.635110531014965,
        8.071914251293737,
        6.8645761368614195,
        5.1700346734436256,
        3.6370675498751637,
        3.342770245608965,
        2.5135202739510776,
        1.7758974480197631,
        1.7119728495868711,
        1.1769658737770476,
        0.9669119484759119,
        0.680796596378363,
        0.49593432983027297,
        0.41463330428033723,
        0.36685787520701885,
        0.3562677443007304,
        0.2676258669922624,
        0.2457167236707576
      ]
    },
    {
      "task": "fixlettdfa_r06_ns",
      "seed": 1,
      "run_id": 6,
      "n_words": 9,
      "n_letters": 4,
      "n_dfa_states": 18,
      "words": [
        "abcdcc",
        "ccc",
        "cccb",
        "cab",
        "aaa",
        "dd",
        "adcbac",
        "bbb",
        "abdda"
      ],
      "alphabet": "abcd",
      "spectrum_pct": [
        72.69457550739573,
        6.251594745114096,
        5.110985764265657,
        2.9710273977063135,
        2.540121935185751,
        2.1082204329362275,
        1.8689034204823203,
        1.1906167386377555,
        0.971362318557172,
        0.8500330675930361,
        0.6130385144611371,
        0.4675123188153578,
        0.31145001084865975,
        0.30999457872593644,
        0.25534086593332794,
        0.1916907932009679,
        0.15369563130400768,
        0.13997628243268728,
        0.12361118551163208,
        0.12040932879764032
      ]
    },
    {
      "task": "fixlettdfa_r07_ns",
      "seed": 1,
      "run_id": 7,
      "n_words": 10,
      "n_letters": 4,
      "n_dfa_states": 20,
      "words": [
        "dacddc",
        "bdab",
        "ddd",
        "ccc",
        "bb",
        "cb",
        "bcdcc",
        "aaa",
        "acba",
        "addddb"
      ],
      "alphabet": "abcd",
      "spectrum_pct": [
        23.16319863621917,
        19.735758624681825,
        12.2767391443682,
        10.068227568677067,
        6.592578949666615,
        5.066760691589782,
        4.265532348358965,
        2.9442561569389523,
        2.17487906190603,
        1.869778215620336,
        1.5550929807495983,
        1.3786692697898455,
        1.2284259609184052,
        0.9839565996039452,
        0.7323009423604697,
        0.6301600382083734,
        0.5423081067018909,
        0.4404857250480552,
        0.4239554209254151,
        0.34558403205332383
      ]
    },
    {
      "task": "fixlettdfa_r08_ns",
      "seed": 1,
      "run_id": 8,
      "n_words": 11,
      "n_letters": 4,
      "n_dfa_states": 22,
      "words": [
        "aa",
        "bab",
        "ccdc",
        "dd",
        "ccc",
        "bdbcad",
        "abcccc",
        "bbb",
        "acbad",
        "bcdabd",
        "cadda"
      ],
      "alphabet": "abcd",
      "spectrum_pct": [
        25.944506326718304,
        21.227693436413393,
        10.83471008147048,
        9.23913448384952,
        8.064010766403369,
        4.753548488448439,
        3.804198234891592,
        3.1149107692196734,
        1.9829862230097501,
        1.5904316281739055,
        1.3726744140071836,
        1.0271381998264468,
        0.9204306734967251,
        0.7263667382073178,
        0.572382878811087,
        0.5580596833996734,
        0.47263709171213864,
        0.3958591582071679,
        0.3591728036212116,
        0.3204360768968436
      ]
    },
    {
      "task": "fixlettdfa_r09_ns",
      "seed": 1,
      "run_id": 9,
      "n_words": 12,
      "n_letters": 4,
      "n_dfa_states": 24,