{
  "loss_iterations": [
    0,
    50,
    100,
    150,
    200,
    250,
    300,
    350,
    400,
    450,
    500,
    550,
    600,
    650,
    700,
    750,
    800,
    850,
    900,
    950,
    1000,
    1050,
    1100,
    1150,
    1200,
    1250,
    1300,
    1350,
    1400,
    1450,
    1500,
    1550,
    1600,
    1650,
    1700,
    1750,
    1800,
    1850,
    1900,
    1950,
    2000
  ],
  "loss_window": [
    2.5197580337524412,
    0.9100657075643539,
    0.8154926002025604,
    0.7541640371084213,
    0.7479054629802704,
    0.7557368457317353,
    0.7569145888090134,
    0.7585802972316742,
    0.7454007863998413,
    0.7441262692213059,
    0.7508567720651627,
    0.7375928580760955,
    0.7406121730804444,
    0.7393145769834518,
    0.7467253714799881,
    0.7400280982255936,
    0.7457491099834442,
    0.74066202044487,
    0.7510056376457215,
    0.7523241400718689,
    0.7418379843235016,
    0.7569994896650314,
    0.7545788556337356,
    0.7534021377563477,
    0.7559346854686737,
    0.7536569178104401,
    0.7484242171049118,
    0.7435690790414811,
    0.7513416469097137,
    0.7537971675395966,
    0.7542601436376571,
    0.7425327569246292,
    0.7508606076240539,
    0.7521860659122467,
    0.7465666145086288,
    0.7470769464969635,
    0.758562633395195,
    0.7430574059486389,
    0.7475412100553512,
    0.7447247326374054,
    0.7483846455812454
  ],
  "loss_smooth": [
    2.5197580337524412,
    2.511709572121501,
    2.5032284872619064,
    2.4944831650111388,
    2.4857502765009847,
    2.4771002093471384,
    2.4684992812444477,
    2.459949686324384,
    2.451376941824761,
    2.4428406884617435,
    2.4343807688797603,
    2.425896829325742,
    2.4174704060445156,
    2.4090796268992105,
    2.400767855622114,
    2.3924641568351315,
    2.384230581600873,
    2.3760127387950924,
    2.3678877032893455,
    2.359809885473258,
    2.3517200259675097,
    2.3437464232859972,
    2.335800585447736,
    2.3278885932092788,
    2.320028823670576,
    2.3121969641412754,
    2.3043781004060935,
    2.2965740552992706,
    2.288847893257323,
    2.281172639628734,
    2.2735380771487788,
    2.2658830505476577,
    2.2583079383330396,
    2.2507773289709356,
    2.243256275398624,
    2.235775378754116,
    2.228389315027321,
    2.2209626554819275,
    2.213595548254794,
    2.2062511941767076,
    2.1989618614337303
  ],
  "metric_iterations": [
    0,
    50,
    100,
    150,
    200,
    250,
    300,
    350,
    400,
    450,
    500,
    550,
    600,
    650,
    700,
    750,
    800,
    850,
    900,
    950,
    1000,
    1050,
    1100,
    1150,
    1200,
    1250,
    1300,
    1350,
    1400,
    1450,
    1500,
    1550,
    1600,
    1650,
    1700,
    1750,
    1800,
    1850,
    1900,
    1950,
    2000
  ],
  "metric_word_error_frac": [
    0.47670222295987524,
    0.34286741739279814,
    0.16105269329663066,
    0.037940937332875346,
    0.027403089809614062,
    0.02288625808843378,
    0.011775430558830706,
    0.015495575954100995,
    0.0165159069325736,
    0.011295654068022463,
    0.0076977984176126585,
    0.010219780219780221,
    0.005418792558292665,
    0.007281968683257224,
    0.012700338840494568,
    0.007318300360805018,
    0.00848698562591519,
    0.009741713997777674,
    0.007286345481366867,
    0.005278910786201536,
    0.009292217640995285,
    0.010516188959660298,
    0.05698425545614536,
    0.0043367302039882425,
    0.004329253347264461,
    0.004303941577464007,
    0.006469235872513209,
    0.0031533081068684785,
    0.0070495865498816515,
    0.0042173830664393,
    0.0061010307580591895,
    0.00780677573447354,
    0.004210381397634996,
    0.003116555551411026,
    0.007497007683265962,
    0.005341924243386084,
    0.0051359497365117595,
    0.007371032545889435,
    0.006161245977204262,
    0.007279032858514411,
    0.005368622945046031
  ],
  "sample_before": "ktcpmsatmeccblalhphcethpctsncpehcnscehaccctclbktap",
  "sample_after": "keplantbakematbakeslantcatlakehatatmatmatbeplantbe",
  "demo_snippet": "atahatcatcatbeatplantatslantbakeaaatcatcatplantsla",
  "demo_before": "ktcpmsatmeccblalhphcethpctsncpehcnscehaccctclbktap",
  "demo_after": "keplantbakematbakeslantcatlakehatatmatmatbeplantbe",
  "demo_word_error_frac": 0.00964630225080386,
  "demo_rng_seed": 2042,
  "demo_seed_char": "a",
  "final_word_error_frac": 0.005790441789298084,
  "stoi": {
    "a": 0,
    "b": 1,
    "c": 2,
    "e": 3,
    "h": 4,
    "k": 5,
    "l": 6,
    "m": 7,
    "n": 8,
    "p": 9,
    "s": 10,
    "t": 11
  },
  "itos": {
    "0": "a",
    "1": "b",
    "2": "c",
    "3": "e",
    "4": "h",
    "5": "k",
    "6": "l",
    "7": "m",
    "8": "n",
    "9": "p",
    "10": "s",
    "11": "t"
  }
}