{
  "loss_iterations": [
    0,
    100,
    200,
    300,
    400,
    500,
    600,
    700,
    800,
    900,
    1000,
    1100,
    1200,
    1300,
    1400,
    1500,
    1600,
    1700,
    1800,
    1900,
    2000,
    2100,
    2200,
    2300,
    2400,
    2500,
    2600,
    2700,
    2800,
    2900,
    3000,
    3100,
    3200,
    3300,
    3400,
    3500,
    3600,
    3700,
    3800,
    3900,
    4000,
    4100,
    4200,
    4300,
    4400,
    4500,
    4600,
    4700,
    4800,
    4900,
    5000
  ],
  "loss_window": [
    2.014098048210144,
    0.5543867707252502,
    0.3230185806751251,
    0.2735128432512283,
    0.25739487260580063,
    0.24756659418344498,
    0.2426157608628273,
    0.23974573612213135,
    0.2402749925851822,
    0.2384575352072716,
    0.23765354305505754,
    0.2363427147269249,
    0.23777620643377304,
    0.2372606500983238,
    0.23537046760320662,
    0.23548292964696885,
    0.2363906428217888,
    0.234409599006176,
    0.23068201839923858,
    0.2324003666639328,
    0.23355716168880464,
    0.23071363121271132,
    0.2350766122341156,
    0.23546226918697358,
    0.22913385480642318,
    0.23526187390089034,
    0.23648701012134551,
    0.2318902373313904,
    0.23039784282445908,
    0.23340729326009751,
    0.2332156330347061,
    0.2332606941461563,
    0.2253372326493263,
    0.2299369052052498,
    0.23614188730716706,
    0.23273705095052719,
    0.23120531737804412,
    0.23174287080764772,
    0.23274919837713243,
    0.22973930835723877,
    0.2329908639192581,
    0.23021256923675537,
    0.23161795884370803,
    0.2337811380624771,
    0.22941006869077682,
    0.2311241239309311,
    0.23053717315196992,
    0.2318667784333229,
    0.22863820493221282,
    0.2288638472557068,
    0.23273740857839584
  ],
  "loss_smooth": [
    2.014098048210144,
    2.0067994918227194,
    1.9983805872669813,
    1.9897562485469025,
    1.981094441667197,
    1.9724268024297782,
    1.9637777472219433,
    1.9551575871664442,
    1.9465831741935378,
    1.9380425459986064,
    1.9295406009838887,
    1.921074611552604,
    1.91265811952701,
    1.9042811321798665,
    1.895936578856983,
    1.887634310610933,
    1.8793780922719872,
    1.871153249805658,
    1.8629508936486259,
    1.8547981410137024,
    1.846691936117078,
    1.838612044592556,
    1.8305943674307636,
    1.8226187069395445,
    1.814651282678879,
    1.806754335634989,
    1.7989029990074208,
    1.7910679351990408,
    1.783264584737168,
    1.7755152982797826,
    1.7678037999535572,
    1.7601310844245202,
    1.752457115165644,
    1.744844514115842,
    1.7373010009817986,
    1.7297781812316424,
    1.7222853169123744,
    1.7148326046818507,
    1.707422187650327,
    1.7000337732538615,
    1.6926985587071885,
    1.6853861287598364,
    1.6781172879102557,
    1.6708956071610168,
    1.6636881794686655,
    1.6565253591909768,
    1.6493954182607817,
    1.6423077750616446,
    1.6352394272109976,
    1.6282075493112211,
    1.621230198607557
  ],
  "metric_iterations": [
    0,
    100,
    200,
    300,
    400,
    500,
    600,
    700,
    800,
    900,
    1000,
    1100,
    1200,
    1300,
    1400,
    1500,
    1600,
    1700,
    1800,
    1900,
    2000,
    2100,
    2200,
    2300,
    2400,
    2500,
    2600,
    2700,
    2800,
    2900,
    3000,
    3100,
    3200,
    3300,
    3400,
    3500,
    3600,
    3700,
    3800,
    3900,
    4000,
    4100,
    4200,
    4300,
    4400,
    4500,
    4600,
    4700,
    4800,
    4900,
    5000
  ],
  "metric_word_error_frac": [
    0.8095238095238096,
    0.35616698387008144,
    0.19249084249084247,
    0.11868597302167062,
    0.06460457390020102,
    0.052059197598913885,
    0.04281622192069953,
    0.03017012227538543,
    0.02993006973186429,
    0.012569302042986253,
    0.010025062656641603,
    0.012588288904078378,
    0.007537783853573327,
    0.015113541429330904,
    0.012588288904078378,
    0.004975124378109453,
    0.002506265664160401,
    0.010044049517733728,
    0.0,
    0.0,
    0.005031518189412926,
    0.005012531328320802,
    0.005012531328320802,
    0.007462686567164179,
    0.0025252525252525255,
    0.0,
    0.0,
    0.005050505050505051,
    0.0,
    0.002506265664160401,
    0.0,
    0.0,
    0.0,
    0.0,
    0.0,
    0.0025252525252525255,
    0.007518796992481203,
    0.0,
    0.0,
    0.002506265664160401,
    0.0,
    0.0,
    0.0,
    0.0,
    0.0,
    0.0,
    0.0,
    0.002506265664160401,
    0.0,
    0.0,
    0.002506265664160401
  ],
  "sample_before": "moapmtctppppapcacpcttmpatmmpcopcctpocpmpmmmtootctc",
  "sample_after": "catcatcatmopmopcatmopmopcatmopcatcatcatmopmopmopca",
  "demo_snippet": "mopmopcatmopmopmopmopmopmopcatcatmopcatcatmopcatmo",
  "demo_before": "moapmtctppppapcacpcttmpatmmpcopcctpocpmpmmmtootctc",
  "demo_after": "catcatcatmopmopcatmopmopcatmopcatcatcatmopmopmopca",
  "demo_word_error_frac": 0.0,
  "demo_rng_seed": 5042,
  "demo_seed_char": "a",
  "final_word_error_frac": 0.0,
  "stoi": {
    "a": 0,
    "c": 1,
    "m": 2,
    "o": 3,
    "p": 4,
    "t": 5
  },
  "itos": {
    "0": "a",
    "1": "c",
    "2": "m",
    "3": "o",
    "4": "p",
    "5": "t"
  }
}