{
  "loss_iterations": [
    0,
    100,
    200,
    300,
    400,
    500,
    600,
    700,
    800,
    900,
    1000,
    1100,
    1200,
    1300,
    1400,
    1500,
    1600,
    1700,
    1800,
    1900,
    2000,
    2100,
    2200,
    2300,
    2400,
    2500,
    2600,
    2700,
    2800,
    2900,
    3000,
    3100,
    3200,
    3300,
    3400,
    3500,
    3600,
    3700,
    3800,
    3900,
    4000,
    4100,
    4200,
    4300,
    4400,
    4500,
    4600,
    4700,
    4800,
    4900,
    5000
  ],
  "loss_window": [
    1.3237905502319336,
    0.3627112299203873,
    0.3075689494609833,
    0.2942845195531845,
    0.28969387114048006,
    0.2794469177722931,
    0.2850486636161804,
    0.2818928211927414,
    0.27861382365226744,
    0.2792669892311096,
    0.27780686020851136,
    0.28180804252624514,
    0.2787133902311325,
    0.27777757346630094,
    0.2829332411289215,
    0.2794364780187607,
    0.2806125462055206,
    0.2781967490911484,
    0.2790276944637299,
    0.2762801289558411,
    0.27934969365596773,
    0.2720940589904785,
    0.27778894901275636,
    0.27929616868495943,
    0.277177694439888,
    0.279043510556221,
    0.2767642647027969,
    0.28375804126262666,
    0.27666828632354734,
    0.2817079991102219,
    0.2767995834350586,
    0.27533010840415956,
    0.27441175282001495,
    0.27877875566482546,
    0.2753569632768631,
    0.272732749581337,
    0.27412747740745547,
    0.2765312731266022,
    0.2736701458692551,
    0.27946266531944275,
    0.2808546513319016,
    0.2796448260545731,
    0.27561775147914885,
    0.27823716402053833,
    0.2768838882446289,
    0.2797971159219742,
    0.2716061443090439,
    0.27727364003658295,
    0.27540041208267213,
    0.2752223998308182,
    0.2780414253473282
  ],
  "loss_smooth": [
    1.3237905502319336,
    1.3189851536303758,
    1.3139280726095288,
    1.308829854844247,
    1.303734174925728,
    1.298612738639961,
    1.293544918264842,
    1.2884866577794813,
    1.2834372936088452,
    1.2784164420869566,
    1.2734133941775643,
    1.2684553674193078,
    1.2635066575333667,
    1.2585780121130314,
    1.253699788258111,
    1.248828471706914,
    1.243987392079407,
    1.2391584388644656,
    1.234357785142462,
    1.229567396861529,
    1.2248163083455013,
    1.220052697098726,
    1.215341378358296,
    1.2106611523099293,
    1.205993735020579,
    1.2013589838982572,
    1.19673601030228,
    1.1921711204570817,
    1.187593606286414,
    1.1830641782505331,
    1.1785328552764558,
    1.1740168415420942,
    1.169518816098484,
    1.1650651157963157,
    1.1606165750337185,
    1.1561771559064566,
    1.1517669075139616,
    1.1473907293420247,
    1.1430221264246607,
    1.1387043291191346,
    1.1344150807301983,
    1.13014122945682,
    1.1258686120669317,
    1.1216304548266998,
    1.1174067219937893,
    1.1132186739634302,
    1.1090106113151583,
    1.1048519264587655,
    1.1007046688868851,
    1.0965772575416046,
    1.0924845783806332
  ],
  "metric_iterations": [
    0,
    100,
    200,
    300,
    400,
    500,
    600,
    700,
    800,
    900,
    1000,
    1100,
    1200,
    1300,
    1400,
    1500,
    1600,
    1700,
    1800,
    1900,
    2000,
    2100,
    2200,
    2300,
    2400,
    2500,
    2600,
    2700,
    2800,
    2900,
    3000,
    3100,
    3200,
    3300,
    3400,
    3500,
    3600,
    3700,
    3800,
    3900,
    4000,
    4100,
    4200,
    4300,
    4400,
    4500,
    4600,
    4700,
    4800,
    4900,
    5000
  ],
  "metric_word_error_frac": [
    0.9100552165068295,
    0.14288125895268752,
    0.057757009544053474,
    0.03906019319188426,
    0.01656362625565524,
    0.023782862018156135,
    0.010482180293501049,
    0.006467003116295745,
    0.012798795407491062,
    0.008630795817007882,
    0.0,
    0.012825255888518928,
    0.006356837606837608,
    0.0,
    0.004195527409459727,
    0.002044989775051125,
    0.0,
    0.0,
    0.0,
    0.002150537634408602,
    0.0,
    0.0,
    0.004219578309230996,
    0.0021645021645021645,
    0.0,
    0.0,
    0.0,
    0.0,
    0.0,
    0.0,
    0.0,
    0.0021929824561403508,
    0.0,
    0.0,
    0.0,
    0.0,
    0.0,
    0.0020964360587002098,
    0.0021231422505307855,
    0.0021231422505307855,
    0.0,
    0.0021367521367521365,
    0.0,
    0.0020964360587002098,
    0.0021367521367521365,
    0.002178649237472767,
    0.0,
    0.0,
    0.0,
    0.0021645021645021645,
    0.0
  ],
  "sample_before": "aatat   tatataatatat t taattt t tttat a t t t aat ",
  "sample_after": "a at at a at a a at a a at a a at at a at at at a ",
  "demo_snippet": "a a at a a a a a at a a a a a a a at a at at a a a",
  "demo_before": "aatat   tatataatatat t taattt t tttat a t t t aat ",
  "demo_after": "a at at a at a a at a a at a a at at a at at at a ",
  "demo_word_error_frac": 0.0,
  "demo_rng_seed": 5042,
  "demo_seed_char": " ",
  "final_word_error_frac": 0.0013245033112582781,
  "stoi": {
    " ": 0,
    "a": 1,
    "t": 2
  },
  "itos": {
    "0": " ",
    "1": "a",
    "2": "t"
  }
}