{
  "loss_iterations": [
    0,
    100,
    200,
    300,
    400,
    500,
    600,
    700,
    800,
    900,
    1000,
    1100,
    1200,
    1300,
    1400,
    1500,
    1600,
    1700,
    1800,
    1900,
    2000,
    2100,
    2200,
    2300,
    2400,
    2500,
    2600,
    2700,
    2800,
    2900,
    3000,
    3100,
    3200,
    3300,
    3400,
    3500,
    3600,
    3700,
    3800,
    3900,
    4000,
    4100,
    4200,
    4300,
    4400,
    4500,
    4600,
    4700,
    4800,
    4900,
    5000
  ],
  "loss_window": [
    1.9818057775497437,
    0.5895753860473633,
    0.3126562088727951,
    0.24324410557746887,
    0.22504681944847107,
    0.2129944995045662,
    0.2077954515814781,
    0.20091034919023515,
    0.20468570291996002,
    0.2016998514533043,
    0.1992555931210518,
    0.20042279958724976,
    0.1998748391866684,
    0.20078851729631425,
    0.20058254301548004,
    0.20043912082910537,
    0.19520685076713562,
    0.19941944777965545,
    0.19544662684202194,
    0.20033439993858337,
    0.1982008546590805,
    0.19964115917682648,
    0.19691317528486252,
    0.19814056903123856,
    0.19740212559700013,
    0.1936503067612648,
    0.19826244115829467,
    0.20071481615304948,
    0.1958569973707199,
    0.19616352617740632,
    0.1937422052025795,
    0.1943744093179703,
    0.1976229727268219,
    0.19437483698129654,
    0.19942511916160582,
    0.19794972538948058,
    0.19324508607387542,
    0.19452399462461473,
    0.1974170461297035,
    0.19674768745899202,
    0.19598916321992874,
    0.19668006002902985,
    0.20126773566007614,
    0.19823388904333114,
    0.19742849320173264,
    0.1925240784883499,
    0.19199312329292298,
    0.1952328696846962,
    0.19559778422117233,
    0.19354557394981384,
    0.19579953849315643
  ],
  "loss_smooth": [
    1.9818057775497437,
    1.9748446255922318,
    1.9665336835086347,
    1.957917235618979,
    1.9492528835381262,
    1.9405715916179584,
    1.931907710917776,
    1.9232527241091384,
    1.9146598890031925,
    1.906095088815443,
    1.897560891336971,
    1.8890752008782223,
    1.8806291990697646,
    1.8722299956608974,
    1.8638717583976705,
    1.8555545952098276,
    1.847252856487614,
    1.839013689444074,
    1.8307958541310638,
    1.8226435468601012,
    1.8145213333990962,
    1.8064469325279848,
    1.7983992637417692,
    1.7903979702682165,
    1.7824329910448604,
    1.7744890776234423,
    1.7666079444411165,
    1.758778478799676,
    1.7509638713925313,
    1.7431898696664556,
    1.7354426313441362,
    1.7277372902340054,
    1.7200867186464694,
    1.7124581592381436,
    1.704892994037761,
    1.6973582776945197,
    1.6898377117364165,
    1.6823611431508574,
    1.6749364226657517,
    1.667545478989718,
    1.6601876974108691,
    1.65287015922396,
    1.6456121471061407,
    1.6383752558158267,
    1.6311705220027561,
    1.623977289785184,
    1.6168173689527228,
    1.6097094464563826,
    1.6026388881452065,
    1.5955934215742296,
    1.588594452158824
  ],
  "metric_iterations": [
    0,
    100,
    200,
    300,
    400,
    500,
    600,
    700,
    800,
    900,
    1000,
    1100,
    1200,
    1300,
    1400,
    1500,
    1600,
    1700,
    1800,
    1900,
    2000,
    2100,
    2200,
    2300,
    2400,
    2500,
    2600,
    2700,
    2800,
    2900,
    3000,
    3100,
    3200,
    3300,
    3400,
    3500,
    3600,
    3700,
    3800,
    3900,
    4000,
    4100,
    4200,
    4300,
    4400,
    4500,
    4600,
    4700,
    4800,
    4900,
    5000
  ],
  "metric_word_error_frac": [
    1.0,
    0.803047921071177,
    0.39696026259966355,
    0.1758078231292517,
    0.10506424792139075,
    0.08805744520030234,
    0.06462585034013606,
    0.04081632653061224,
    0.03738344239080616,
    0.04081845171683169,
    0.023603380746237888,
    0.030543530543530543,
    0.016903731189445475,
    0.006802721088435374,
    0.006734006734006735,
    0.006768363911221054,
    0.0033670033670033673,
    0.003401360544217687,
    0.0,
    0.0,
    0.003401360544217687,
    0.003401360544217687,
    0.01020408163265306,
    0.010135367278224422,
    0.0033670033670033673,
    0.0,
    0.0,
    0.006802721088435374,
    0.003401360544217687,
    0.0,
    0.0,
    0.0,
    0.0,
    0.003401360544217687,
    0.0,
    0.0,
    0.0033670033670033673,
    0.003401360544217687,
    0.0,
    0.006802721088435374,
    0.0,
    0.0,
    0.0,
    0.0,
    0.0,
    0.0,
    0.0,
    0.006802721088435374,
    0.003401360544217687,
    0.0,
    0.0033670033670033673
  ],
  "sample_before": "n tcubutttt tb btbuuct ucctbntbbutnbtctcccunnububu",
  "sample_after": "cub cub nut cub nut cub nut cub nut cub cub cub nu",
  "demo_snippet": "cub cub nut cub cub cub cub cub nut cub cub cub cu",
  "demo_before": "n tcubutttt tb btbuuct ucctbntbbutnbtctcccunnububu",
  "demo_after": "cub cub nut cub nut cub nut cub nut cub cub cub nu",
  "demo_word_error_frac": 0.0,
  "demo_rng_seed": 5042,
  "demo_seed_char": " ",
  "final_word_error_frac": 0.0,
  "stoi": {
    " ": 0,
    "b": 1,
    "c": 2,
    "n": 3,
    "t": 4,
    "u": 5
  },
  "itos": {
    "0": " ",
    "1": "b",
    "2": "c",
    "3": "n",
    "4": "t",
    "5": "u"
  }
}