{
  "loss_iterations": [
    0,
    50,
    100,
    150,
    200,
    250,
    300,
    350,
    400,
    450,
    500,
    550,
    600,
    650,
    700,
    750,
    800,
    850,
    900,
    950,
    1000,
    1050,
    1100,
    1150,
    1200,
    1250,
    1300,
    1350,
    1400,
    1450,
    1500,
    1550,
    1600,
    1650,
    1700,
    1750,
    1800,
    1850,
    1900,
    1950,
    2000,
    2050,
    2100,
    2150,
    2200,
    2250,
    2300,
    2350,
    2400,
    2450,
    2500,
    2550,
    2600,
    2650,
    2700,
    2750,
    2800,
    2850,
    2900,
    2950,
    3000
  ],
  "loss_window": [
    3.059603524208069,
    1.1140125334262847,
    0.9122758626937866,
    0.8635991871356964,
    0.8336106985807419,
    0.8001400262117386,
    0.7922845512628556,
    0.8100007951259613,
    0.795499375462532,
    0.7874117165803909,
    0.786536306142807,
    0.785389706492424,
    0.7930630713701248,
    0.7837318450212478,
    0.7886939942836761,
    0.7794672191143036,
    0.7762895226478577,
    0.7874447643756867,
    0.7845383822917938,
    0.7814275115728379,
    0.7847988486289978,
    0.786032372713089,
    0.7779478132724762,
    0.7868480056524276,
    0.7835263073444366,
    0.7843216925859451,
    0.7882985502481461,
    0.7811117470264435,
    0.7856980443000794,
    0.7804773777723313,
    0.7809647113084793,
    0.7853599786758423,
    0.7801826506853103,
    0.7917387902736663,
    0.7880090713500977,
    0.7864586353302002,
    0.7863469898700715,
    0.7791331499814987,
    0.7803141951560975,
    0.7743174374103546,
    0.7804122924804687,
    0.7762244910001754,
    0.7836663633584976,
    0.7823288440704346,
    0.7837407052516937,
    0.7808873355388641,
    0.7862967550754547,
    0.7758760184049607,
    0.775200468301773,
    0.7765630483627319,
    0.7798337638378143,
    0.777430123090744,
    0.7780758887529373,
    0.7792347609996796,
    0.773979926109314,
    0.7738123267889023,
    0.7772152245044708,
    0.7788674414157868,
    0.8635669916868209,
    0.7831975549459458,
    0.7867864459753037
  ],
  "loss_smooth": [
    3.059603524208069,
    3.0498755692541604,
    3.0391875707213583,
    3.02830962880343,
    3.0173361341523166,
    3.006250153612614,
    2.995180325600865,
    2.9842544279484904,
    2.9733106526860604,
    2.9623811580055324,
    2.9515019337462185,
    2.9406713726099496,
    2.9299333311037503,
    2.9192023236733378,
    2.9085497820263893,
    2.897904369211829,
    2.8872962949790093,
    2.876797037325993,
    2.8663357440508217,
    2.8559112028884317,
    2.8455556411171345,
    2.8352580247751145,
    2.8249714737176013,
    2.8147808563772756,
    2.804624583632111,
    2.7945230691768805,
    2.784491946582237,
    2.7744750455844582,
    2.7645311605780365,
    2.754610891664008,
    2.7447426607622303,
    2.7349457473517984,
    2.725171931868466,
    2.715504766160492,
    2.70586728768644,
    2.6962702444246585,
    2.6867206281518854,
    2.6771826907610334,
    2.667698348283009,
    2.658231443728645,
    2.6488423479724044,
    2.6394792586875435,
    2.6302001942108983,
    2.620960837460196,
    2.6117747367991537,
    2.6026202997928523,
    2.593538682069265,
    2.584450368750944,
    2.575404119248698,
    2.566409913894268,
    2.557477033143986,
    2.5485767985937193,
    2.5397242940445155,
    2.5309218463792913,
    2.5221371367779413,
    2.513395512727996,
    2.504714611286879,
    2.496085375437523,
    2.48792278351877,
    2.479399157375906,
    2.470936093818903
  ],
  "metric_iterations": [
    0,
    50,
    100,
    150,
    200,
    250,
    300,
    350,
    400,
    450,
    500,
    550,
    600,
    650,
    700,
    750,
    800,
    850,
    900,
    950,
    1000,
    1050,
    1100,
    1150,
    1200,
    1250,
    1300,
    1350,
    1400,
    1450,
    1500,
    1550,
    1600,
    1650,
    1700,
    1750,
    1800,
    1850,
    1900,
    1950,
    2000,
    2050,
    2100,
    2150,
    2200,
    2250,
    2300,
    2350,
    2400,
    2450,
    2500,
    2550,
    2600,
    2650,
    2700,
    2750,
    2800,
    2850,
    2900,
    2950,
    3000
  ],
  "metric_word_error_frac": [
    1.0,
    0.573179227116881,
    0.3637262858688736,
    0.2427222535918188,
    0.1505177035686169,
    0.08133954143266292,
    0.04018249341451829,
    0.06847023733364029,
    0.03357624310992502,
    0.021312084993359893,
    0.014656467138394849,
    0.011968127490039842,
    0.012000000000000002,
    0.01864541832669323,
    0.013322794498045304,
    0.02004832077313237,
    0.01997875166002656,
    0.021317397078353253,
    0.010645418326693227,
    0.012000000000000002,
    0.013301460823373175,
    0.01472556894243641,
    0.009333333333333334,
    0.07279286926994906,
    0.0159734395750332,
    0.0026666666666666666,
    0.014704149933065597,
    0.011968127490039842,
    0.00797875166002656,
    0.0013333333333333333,
    0.004010709504685408,
    0.006666666666666667,
    0.057906422437718354,
    0.0199203187250996,
    0.006650730411686587,
    0.008,
    0.014629482071713147,
    0.009333333333333334,
    0.009333333333333334,
    0.004,
    0.004,
    0.008,
    0.009301460823373174,
    0.006666666666666667,
    0.015883555724193175,
    0.005333333333333333,
    0.010693440428380186,
    0.005317397078353253,
    0.004,
    0.005333333333333333,
    0.004,
    0.0013333333333333333,
    0.00398937583001328,
    0.005317397078353253,
    0.0026666666666666666,
    0.0026666666666666666,
    0.0026666666666666666,
    0.0,
    0.26876190048049003,
    0.010650730411686586,
    0.006666666666666667
  ],
  "sample_before": "ncbcclhbceneplhobel t cbhmtieebenltpiactdtcete aem",
  "sample_after": "pan tar mat cat mat cat ban net tar cat hat net ma",
  "demo_snippet": "rat cat ban can can met rat tea mat oil ant hat ca",
  "demo_before": "ncbcclhbceneplhobel t cbhmtieebenltpiactdtcete aem",
  "demo_after": "pan tar mat cat mat cat ban net tar cat hat net ma",
  "demo_word_error_frac": 0.01195219123505976,
  "demo_rng_seed": 3042,
  "demo_seed_char": " ",
  "final_word_error_frac": 0.003990438247011952,
  "stoi": {
    " ": 0,
    "a": 1,
    "b": 2,
    "c": 3,
    "d": 4,
    "e": 5,
    "h": 6,
    "i": 7,
    "l": 8,
    "m": 9,
    "n": 10,
    "o": 11,
    "p": 12,
    "r": 13,
    "t": 14
  },
  "itos": {
    "0": " ",
    "1": "a",
    "2": "b",
    "3": "c",
    "4": "d",
    "5": "e",
    "6": "h",
    "7": "i",
    "8": "l",
    "9": "m",
    "10": "n",
    "11": "o",
    "12": "p",
    "13": "r",
    "14": "t"
  }
}