{
  "loss_iterations": [
    0,
    50,
    100,
    150,
    200,
    250,
    300,
    350,
    400,
    450,
    500,
    550,
    600,
    650,
    700,
    750,
    800,
    850,
    900,
    950,
    1000,
    1050,
    1100,
    1150,
    1200,
    1250,
    1300,
    1350,
    1400,
    1450,
    1500,
    1550,
    1600,
    1650,
    1700,
    1750,
    1800,
    1850,
    1900,
    1950,
    2000,
    2050,
    2100,
    2150,
    2200,
    2250,
    2300,
    2350,
    2400,
    2450,
    2500,
    2550,
    2600,
    2650,
    2700,
    2750,
    2800,
    2850,
    2900,
    2950,
    3000
  ],
  "loss_window": [
    2.784643304347992,
    1.2072513461112977,
    1.0876412630081176,
    1.0556535184383393,
    1.014394500851631,
    0.9220463931560516,
    0.8620236217975616,
    0.8316841512918473,
    0.8023754388093949,
    0.7773563504219055,
    0.7710815757513046,
    0.7689604729413986,
    0.768993592262268,
    0.7622285634279251,
    0.7629371404647827,
    0.7619504034519196,
    0.7618256866931915,
    0.75863376557827,
    0.7628842860460281,
    0.7625979095697403,
    0.7575593441724777,
    0.7661536425352097,
    0.7547126859426498,
    0.756354957818985,
    0.7515881478786468,
    0.7592811435461044,
    0.7533499747514725,
    0.7516717046499253,
    0.7521496385335922,
    0.7530228137969971,
    0.7502052456140518,
    0.7529741019010544,
    0.7528087794780731,
    0.7504738688468933,
    0.7531839162111282,
    0.7540326952934265,
    0.7709193587303161,
    0.7513082414865494,
    0.752750825881958,
    0.7523241102695465,
    0.7508984386920929,
    0.7516164988279342,
    0.7510624617338181,
    0.7517733305692673,
    0.7527480840682983,
    0.776855543255806,
    0.7531339436769485,
    0.7506055563688279,
    0.7505194664001464,
    0.7511408388614654,
    0.7481536418199539,
    0.7589411854743957,
    0.7505194902420044,
    0.7518279016017914,
    0.7494029313325882,
    0.7488449662923813,
    0.7499839186668396,
    0.7497513294219971,
    0.7485230147838593,
    0.7483107388019562,
    0.7552998214960098
  ],
  "loss_smooth": [
    2.784643304347992,
    2.7767563445568086,
    2.768310769149065,
    2.759747482895511,
    2.7510207179852917,
    2.7418758463611455,
    2.7324765852383273,
    2.722972623068595,
    2.713369637147299,
    2.7036895707136717,
    2.69402653073886,
    2.684401200449873,
    2.6748241624089353,
    2.6652611844140304,
    2.6557495641942843,
    2.6462805683905724,
    2.6368582939820855,
    2.6274671713400664,
    2.618144256913596,
    2.608866525176877,
    2.599609989271855,
    2.590442707538172,
    2.5812640574301944,
    2.5721395119321384,
    2.563036755111871,
    2.554017977054042,
    2.5450146370425295,
    2.5360479223805665,
    2.5271284309613318,
    2.51825790287551,
    2.509417639589203,
    2.5006354219007623,
    2.491896288688649,
    2.4831891765894403,
    2.4745391502875487,
    2.465936618012578,
    2.4574615317161665,
    2.4489307652650183,
    2.440449865568103,
    2.43200923679161,
    2.4236036828011125,
    2.415243746881247,
    2.40692284045551,
    2.398647092906079,
    2.39041759786189,
    2.3823497875888595,
    2.3742037083693,
    2.3660857176092978,
    2.358007886353252,
    2.349973551115793,
    2.341964451569314,
    2.3340493352388396,
    2.3261316860138552,
    2.3182601670917946,
    2.310415880912999,
    2.302608026339896,
    2.2948449058015306,
    2.287119437919633,
    2.279426455803954,
    2.271770877218944,
    2.2641885219403295
  ],
  "metric_iterations": [
    0,
    50,
    100,
    150,
    200,
    250,
    300,
    350,
    400,
    450,
    500,
    550,
    600,
    650,
    700,
    750,
    800,
    850,
    900,
    950,
    1000,
    1050,
    1100,
    1150,
    1200,
    1250,
    1300,
    1350,
    1400,
    1450,
    1500,
    1550,
    1600,
    1650,
    1700,
    1750,
    1800,
    1850,
    1900,
    1950,
    2000,
    2050,
    2100,
    2150,
    2200,
    2250,
    2300,
    2350,
    2400,
    2450,
    2500,
    2550,
    2600,
    2650,
    2700,
    2750,
    2800,
    2850,
    2900,
    2950,
    3000
  ],
  "metric_word_error_frac": [
    1.0,
    0.7141036193611816,
    0.6267961403387167,
    0.6217884795280395,
    0.5882501916984676,
    0.5042218839717637,
    0.43095386997826024,
    0.20355147051726794,
    0.09914363143631437,
    0.0492058432934927,
    0.02659229747675963,
    0.0631294714358719,
    0.01609677419354839,
    0.02914361001317523,
    0.01998406374501992,
    0.04716478500817397,
    0.016042838018741633,
    0.012016064257028114,
    0.006666666666666667,
    0.018704149933065597,
    0.02401100817613082,
    0.03880053547523427,
    0.01596812749003984,
    0.02004326778905882,
    0.008,
    0.023904382470119518,
    0.008,
    0.0,
    0.006650730411686587,
    0.004,
    0.00398406374501992,
    0.00535475234270415,
    0.004010709504685408,
    0.004,
    0.0026666666666666666,
    0.0013333333333333333,
    0.018693440428380188,
    0.0013333333333333333,
    0.009360107095046854,
    0.004,
    0.0013333333333333333,
    0.0026666666666666666,
    0.006666666666666667,
    0.005333333333333333,
    0.008016064257028112,
    0.009333333333333334,
    0.0026666666666666666,
    0.0066773761713520745,
    0.008016064257028112,
    0.0013333333333333333,
    0.0026666666666666666,
    0.017333333333333336,
    0.0013333333333333333,
    0.0,
    0.0,
    0.005333333333333333,
    0.005333333333333333,
    0.0026666666666666666,
    0.009322709163346614,
    0.0026560424966799467,
    0.010704149933065595
  ],
  "sample_before": "oaorlaohtidothnpolbptplendhcompaimdtncoblaplnaeooo",
  "sample_after": "pan bed net bed pan mat rat cat cat tea met pan ba",
  "demo_snippet": "rat cat ban can can met rat tea mat oil ant hat ca",
  "demo_before": "oaorlaohtidothnpolbptplendhcompaimdtncoblaplnaeooo",
  "demo_after": "pan bed net bed pan mat rat cat cat tea met pan ba",
  "demo_word_error_frac": 0.004,
  "demo_rng_seed": 3042,
  "demo_seed_char": " ",
  "final_word_error_frac": 0.004,
  "stoi": {
    " ": 0,
    "a": 1,
    "b": 2,
    "c": 3,
    "d": 4,
    "e": 5,
    "h": 6,
    "i": 7,
    "l": 8,
    "m": 9,
    "n": 10,
    "o": 11,
    "p": 12,
    "r": 13,
    "t": 14
  },
  "itos": {
    "0": " ",
    "1": "a",
    "2": "b",
    "3": "c",
    "4": "d",
    "5": "e",
    "6": "h",
    "7": "i",
    "8": "l",
    "9": "m",
    "10": "n",
    "11": "o",
    "12": "p",
    "13": "r",
    "14": "t"
  }
}