{
  "loss_iterations": [
    0,
    50,
    100,
    150,
    200,
    250,
    300,
    350,
    400,
    450,
    500,
    550,
    600,
    650,
    700,
    750,
    800,
    850,
    900,
    950,
    1000,
    1050,
    1100,
    1150,
    1200,
    1250,
    1300,
    1350,
    1400,
    1450,
    1500,
    1550,
    1600,
    1650,
    1700,
    1750,
    1800,
    1850,
    1900,
    1950,
    2000,
    2050,
    2100,
    2150,
    2200,
    2250,
    2300,
    2350,
    2400,
    2450,
    2500,
    2550,
    2600,
    2650,
    2700,
    2750,
    2800,
    2850,
    2900,
    2950,
    3000
  ],
  "loss_window": [
    2.8963236212730408,
    1.4344001352787017,
    1.3807378947734832,
    1.3399970173835754,
    1.2513728141784668,
    1.1610095083713532,
    1.1599559366703034,
    1.15754873752594,
    1.1356059312820435,
    1.1354271650314331,
    1.1224541127681733,
    1.1118223190307617,
    1.0976364314556122,
    1.1150683641433716,
    1.1009963512420655,
    1.0859917283058167,
    1.084951901435852,
    1.1207680106163025,
    1.083336079120636,
    1.0754999458789825,
    1.0855135083198548,
    1.0823746383190156,
    1.0743667483329773,
    1.0802551865577699,
    1.0993631780147552,
    1.0757606685161591,
    1.096456104516983,
    1.0707848489284515,
    1.0714401841163634,
    1.0720702886581421,
    1.066957038640976,
    1.0695289194583892,
    1.0634330809116364,
    1.0837183237075805,
    1.0627511322498322,
    1.066463929414749,
    1.0703343987464904,
    1.0604446351528167,
    1.0630041062831879,
    1.0822247087955474,
    1.064615648984909,
    1.0737099826335907,
    1.0706585347652435,
    1.0651740312576294,
    1.0585489094257354,
    1.055865627527237,
    1.063084614276886,
    1.0650118947029115,
    1.055061686038971,
    1.05927973985672,
    1.0648385465145112,
    1.0563446402549743,
    1.0653564214706421,
    1.0629104614257812,
    1.0555086493492127,
    1.0660393297672273,
    1.0600993275642394,
    1.0599380254745483,
    1.0642607033252716,
    1.0542244970798493,
    1.0503668129444121
  ],
  "loss_smooth": [
    2.8963236212730408,
    2.889014003843069,
    2.8814726232977206,
    2.87376524526815,
    2.8656532831127013,
    2.8571300642389943,
    2.848644193601151,
    2.840188716320775,
    2.8316658023955816,
    2.823184609208761,
    2.814680956726558,
    2.8061666635380793,
    2.797624012377667,
    2.7892112341364954,
    2.780770159722023,
    2.772296267564942,
    2.763859545734297,
    2.755644088058707,
    2.747282548014017,
    2.7389236350033417,
    2.730656584369924,
    2.7224151746396696,
    2.714174932508136,
    2.7060053337783843,
    2.697972122999566,
    2.689861065727149,
    2.6818940409210983,
    2.6738384949611347,
    2.665826503406911,
    2.657857722333167,
    2.649903218914706,
    2.6420013474174247,
    2.6341085060848957,
    2.626356555173009,
    2.618538528058393,
    2.6107781550651747,
    2.6030759362835814,
    2.5953627797779273,
    2.5877009864104537,
    2.580173605022379,
    2.5725958152421917,
    2.565101386079149,
    2.557629171822579,
    2.5501668961197543,
    2.542708806186284,
    2.5352745902929885,
    2.527913640412908,
    2.520599131684358,
    2.513271444456131,
    2.506001485933134,
    2.498795671236041,
    2.4915834160811356,
    2.484452281108083,
    2.4773445720096716,
    2.4702353923963694,
    2.463214412083224,
    2.456198836660629,
    2.449217532604698,
    2.442292748458301,
    2.4353524072014086,
    2.4284274792301237
  ],
  "metric_iterations": [
    0,
    50,
    100,
    150,
    200,
    250,
    300,
    350,
    400,
    450,
    500,
    550,
    600,
    650,
    700,
    750,
    800,
    850,
    900,
    950,
    1000,
    1050,
    1100,
    1150,
    1200,
    1250,
    1300,
    1350,
    1400,
    1450,
    1500,
    1550,
    1600,
    1650,
    1700,
    1750,
    1800,
    1850,
    1900,
    1950,
    2000,
    2050,
    2100,
    2150,
    2200,
    2250,
    2300,
    2350,
    2400,
    2450,
    2500,
    2550,
    2600,
    2650,
    2700,
    2750,
    2800,
    2850,
    2900,
    2950,
    3000
  ],
  "metric_word_error_frac": [
    0.55007215007215,
    0.3702538087116684,
    0.34167158453293284,
    0.34127359395031603,
    0.25931189192696213,
    0.16495149472218265,
    0.18814863726563025,
    0.1748061925147131,
    0.13414186304894452,
    0.14881322512320766,
    0.14237862034398632,
    0.10910658705985703,
    0.09504654864016,
    0.1165258709503161,
    0.08786791745562299,
    0.0874234419687873,
    0.06719868429523759,
    0.09634025717111772,
    0.08098248415683969,
    0.05567655633682045,
    0.06276357684924175,
    0.06671714390108756,
    0.050372550699157144,
    0.08279653762769897,
    0.06862452479213005,
    0.047115711053288385,
    0.07150911288284915,
    0.045272073326371974,
    0.05025309827194974,
    0.06578597135835634,
    0.05598416944735485,
    0.03542487561983514,
    0.02581159484476726,
    0.06017951856385149,
    0.03648951551436235,
    0.04062455842871273,
    0.04997830405375817,
    0.03632881866717568,
    0.034381115918369703,
    0.062055175870850514,
    0.04930542207168128,
    0.04638620148777647,
    0.041324892788974,
    0.036466706998381206,
    0.03766014318684942,
    0.04904039666848017,
    0.026785872460503752,
    0.04912507850629119,
    0.051997509658799984,
    0.04644868233432594,
    0.038558283508066664,
    0.020836541555859595,
    0.036449060336300694,
    0.05189239076057892,
    0.027789834211730664,
    0.04306586786243763,
    0.03352585996531568,
    0.04042542211788737,
    0.029536721541635808,
    0.03538472729112662,
    0.03251861216462986
  ],
  "sample_before": "rrmrhteitmoiblboedhmlmehmaeiiiociliplrhiirotcbmnhp",
  "sample_after": "lhatbarmettarteacanoilhatmetoilhatoilmatratcatcarp",
  "demo_snippet": "taranthatbanbetbedtarpanbedbaroilnetbetmetpanmetra",
  "demo_before": "rrmrhteitmoiblboedhmlmehmaeiiiociliplrhiirotcbmnhp",
  "demo_after": "lhatbarmettarteacanoilhatmetoilhatoilmatratcatcarp",
  "demo_word_error_frac": 0.02373887240356083,
  "demo_rng_seed": 3042,
  "demo_seed_char": "a",
  "final_word_error_frac": 0.024330682442414923,
  "stoi": {
    "a": 0,
    "b": 1,
    "c": 2,
    "d": 3,
    "e": 4,
    "h": 5,
    "i": 6,
    "l": 7,
    "m": 8,
    "n": 9,
    "o": 10,
    "p": 11,
    "r": 12,
    "t": 13
  },
  "itos": {
    "0": "a",
    "1": "b",
    "2": "c",
    "3": "d",
    "4": "e",
    "5": "h",
    "6": "i",
    "7": "l",
    "8": "m",
    "9": "n",
    "10": "o",
    "11": "p",
    "12": "r",
    "13": "t"
  }
}