{
  "loss_iterations": [
    0,
    100,
    200,
    300,
    400,
    500,
    600,
    700,
    800,
    900,
    1000,
    1100,
    1200,
    1300,
    1400,
    1500,
    1600,
    1700,
    1800,
    1900,
    2000,
    2100,
    2200,
    2300,
    2400,
    2500,
    2600,
    2700,
    2800,
    2900,
    3000,
    3100,
    3200,
    3300,
    3400,
    3500,
    3600,
    3700,
    3800,
    3900,
    4000,
    4100,
    4200,
    4300,
    4400,
    4500,
    4600,
    4700,
    4800,
    4900,
    5000
  ],
  "loss_window": [
    2.2143149614334106,
    0.5898292303085327,
    0.41968942284584043,
    0.3840056896209717,
    0.3697863221168518,
    0.362330561876297,
    0.3585836261510849,
    0.3571145266294479,
    0.3533765017986298,
    0.3525342017412186,
    0.35122319161891935,
    0.35148338973522186,
    0.3505474627017975,
    0.35024765133857727,
    0.3494396209716797,
    0.3489001601934433,
    0.34986105263233186,
    0.3492347627878189,
    0.34935007691383363,
    0.3478647142648697,
    0.35014697909355164,
    0.349651512503624,
    0.34851184487342834,
    0.34862829744815826,
    0.3475231617689133,
    0.34709526002407076,
    0.3466018736362457,
    0.34766277968883513,
    0.3475849211215973,
    0.3473066031932831,
    0.34694401621818544,
    0.3463066279888153,
    0.34666867554187775,
    0.3473954081535339,
    0.34692011773586273,
    0.34651796221733094,
    0.34520397484302523,
    0.34760544896125795,
    0.34573072493076323,
    0.34613425731658937,
    0.3460019439458847,
    0.34537798464298247,
    0.34779185354709624,
    0.3476323574781418,
    0.3469290673732758,
    0.34746481776237487,
    0.34608170986175535,
    0.34789593815803527,
    0.3470505952835083,
    0.3465982347726822,
    0.3456126362085342
  ],
  "loss_smooth": [
    2.2143149614334106,
    2.206192532777786,
    2.1972600172281265,
    2.1881937455900906,
    2.179101708472724,
    2.1700178527397425,
    2.160960681606799,
    2.151941450831912,
    2.1429486260867456,
    2.133996553965018,
    2.1250826871532875,
    2.116214690666197,
    2.107386354526375,
    2.098600661010436,
    2.089854855810242,
    2.081150082332158,
    2.072493637183659,
    2.0638773428116797,
    2.05530470648219,
    2.0467675065211037,
    2.0382844038839663,
    2.0298412394270646,
    2.021434592454296,
    2.013070560979265,
    2.0047428239832135,
    1.9964545861634178,
    1.988205322600782,
    1.9800026098862222,
    1.971840521442399,
    1.9637178518511536,
    1.9556339826729887,
    1.9475873458995678,
    1.9395827525477793,
    1.931621815825808,
    1.9236983073353584,
    1.9158124056097683,
    1.9079593634559344,
    1.900157593883461,
    1.8923854595386975,
    1.884654203527587,
    1.8769609422296787,
    1.8693030274417453,
    1.861695471572272,
    1.8541251560018013,
    1.8465891755586585,
    1.839093553769677,
    1.8316284945501375,
    1.824209831768177,
    1.8168240355857537,
    1.8094729065816884,
    1.8021536052298224
  ],
  "metric_iterations": [
    0,
    100,
    200,
    300,
    400,
    500,
    600,
    700,
    800,
    900,
    1000,
    1100,
    1200,
    1300,
    1400,
    1500,
    1600,
    1700,
    1800,
    1900,
    2000,
    2100,
    2200,
    2300,
    2400,
    2500,
    2600,
    2700,
    2800,
    2900,
    3000,
    3100,
    3200,
    3300,
    3400,
    3500,
    3600,
    3700,
    3800,
    3900,
    4000,
    4100,
    4200,
    4300,
    4400,
    4500,
    4600,
    4700,
    4800,
    4900,
    5000
  ],
  "metric_word_error_frac": [
    0.9914529914529915,
    0.618618140164532,
    0.24841750841750843,
    0.1588548717414697,
    0.11500946770460763,
    0.05452696542534539,
    0.04755458363705786,
    0.016903731189445475,
    0.023950494495413494,
    0.02680272108843537,
    0.020202020202020204,
    0.010135367278224422,
    0.017076933866330034,
    0.003401360544217687,
    0.01020408163265306,
    0.003401360544217687,
    0.01016972445543874,
    0.006802721088435374,
    0.01016972445543874,
    0.003401360544217687,
    0.003401360544217687,
    0.003401360544217687,
    0.0033670033670033673,
    0.003401360544217687,
    0.0,
    0.006802721088435374,
    0.010101010101010102,
    0.003401360544217687,
    0.003401360544217687,
    0.0033670033670033673,
    0.003401360544217687,
    0.0,
    0.0,
    0.003401360544217687,
    0.0,
    0.0,
    0.0,
    0.0,
    0.0,
    0.003401360544217687,
    0.0033670033670033673,
    0.003401360544217687,
    0.0033670033670033673,
    0.0,
    0.0,
    0.0,
    0.0033670033670033673,
    0.0,
    0.0,
    0.0,
    0.0
  ],
  "sample_before": "cn nbarnabantactbccatbnrnabtacncr  a anncrrrrtbrar",
  "sample_after": "cab cab can cab cat cab cat can cat cab can car ca",
  "demo_snippet": "can can cab cat cat cat can can car can can can ca",
  "demo_before": "cn nbarnabantactbccatbnrnabtacncr  a anncrrrrtbrar",
  "demo_after": "cab cab can cab cat cab cat can cat cab can car ca",
  "demo_word_error_frac": 0.0,
  "demo_rng_seed": 5042,
  "demo_seed_char": " ",
  "final_word_error_frac": 0.0,
  "stoi": {
    " ": 0,
    "a": 1,
    "b": 2,
    "c": 3,
    "n": 4,
    "r": 5,
    "t": 6
  },
  "itos": {
    "0": " ",
    "1": "a",
    "2": "b",
    "3": "c",
    "4": "n",
    "5": "r",
    "6": "t"
  }
}