{
  "loss_iterations": [
    0,
    50,
    100,
    150,
    200,
    250,
    300,
    350,
    400,
    450,
    500,
    550,
    600,
    650,
    700,
    750,
    800,
    850,
    900,
    950,
    1000,
    1050,
    1100,
    1150,
    1200,
    1250,
    1300,
    1350,
    1400,
    1450,
    1500,
    1550,
    1600,
    1650,
    1700,
    1750,
    1800,
    1850,
    1900,
    1950,
    2000
  ],
  "loss_window": [
    2.6073442935943603,
    0.9656864672899246,
    0.8607908904552459,
    0.7606908708810807,
    0.724540114402771,
    0.6924464344978333,
    0.6631417334079742,
    0.6718565315008164,
    0.6067192077636718,
    0.6010833233594894,
    0.5965092182159424,
    0.5964894086122513,
    0.5918805539608002,
    0.5986838012933731,
    0.5919938534498215,
    0.593322217464447,
    0.5914690881967545,
    0.5905618727207184,
    0.5923340111970902,
    0.5912076115608216,
    0.5913132548332214,
    0.5906171023845672,
    0.5899056822061539,
    0.5919773548841476,
    0.592342022061348,
    0.591345626115799,
    0.5893148064613343,
    0.5932122737169265,
    0.5900778412818909,
    0.5901526004076004,
    0.5902854830026627,
    0.7733236491680145,
    0.6309208363294602,
    0.6056251764297486,
    0.5946460843086243,
    0.5948681384325027,
    0.5972294479608535,
    0.5956846058368683,
    0.5943729758262635,
    0.5933123677968979,
    0.593496349453926
  ],
  "loss_smooth": [
    2.6073442935943603,
    2.599136004462838,
    2.5904442788928,
    2.5812955118527414,
    2.5720117348654914,
    2.562613908363653,
    2.5531165474888744,
    2.543710247408934,
    2.534025292210708,
    2.5243605823664517,
    2.514721325545699,
    2.5051301659610314,
    2.49556391790103,
    2.4860795173179917,
    2.476609088998651,
    2.46719265464098,
    2.4578140368087587,
    2.4484777759883185,
    2.439197057164362,
    2.4299571099363444,
    2.4207638906608286,
    2.411613156719447,
    2.4025046193468804,
    2.393451983024567,
    2.3844464332197504,
    2.375480929184231,
    2.3665500985706163,
    2.3576834094463477,
    2.3488453816055257,
    2.340051917699536,
    2.3313030855260517,
    2.3235131883442617,
    2.3150502265841877,
    2.3065031013334156,
    2.2979438162482917,
    2.289428437859213,
    2.2809674429097213,
    2.272541028724357,
    2.2641501884598667,
    2.2557959993565517,
    2.2474845011070386
  ],
  "metric_iterations": [
    0,
    50,
    100,
    150,
    200,
    250,
    300,
    350,
    400,
    450,
    500,
    550,
    600,
    650,
    700,
    750,
    800,
    850,
    900,
    950,
    1000,
    1050,
    1100,
    1150,
    1200,
    1250,
    1300,
    1350,
    1400,
    1450,
    1500,
    1550,
    1600,
    1650,
    1700,
    1750,
    1800,
    1850,
    1900,
    1950,
    2000
  ],
  "metric_word_error_frac": [
    1.0,
    0.5449567842094961,
    0.5018847849217206,
    0.5468883367914238,
    0.45426832641770404,
    0.3449210174029451,
    0.24263739413579058,
    0.0885068649287365,
    0.05883266398929049,
    0.018666666666666665,
    0.03058698539176627,
    0.009333333333333334,
    0.008,
    0.005333333333333333,
    0.013333333333333334,
    0.025333333333333333,
    0.008,
    0.013285524568393095,
    0.004,
    0.009333333333333334,
    0.008,
    0.0026666666666666666,
    0.0,
    0.005333333333333333,
    0.005333333333333333,
    0.004,
    0.0026666666666666666,
    0.044069611780455153,
    0.0,
    0.0,
    0.0,
    0.4039863453653696,
    0.11416328337443876,
    0.03466666666666667,
    0.0026666666666666666,
    0.012000000000000002,
    0.018731182795698922,
    0.022586985391766273,
    0.010666666666666666,
    0.013333333333333334,
    0.015952191235059757
  ],
  "sample_before": "cmmmmc tmactmmeep mhammpp mttmahtemnamhcmnatnmncma",
  "sample_after": "cat mat rat mat ate net rat pet hat tea rat net ha",
  "demo_snippet": "hat cat met rat rat mat hat eat hat tea net cat ca",
  "demo_before": "cmmmmc tmactmmeep mhammpp mttmahtemnamhcmnatnmncma",
  "demo_after": "cat mat rat mat ate net rat pet hat tea rat net ha",
  "demo_word_error_frac": 0.00796812749003984,
  "demo_rng_seed": 2042,
  "demo_seed_char": " ",
  "final_word_error_frac": 0.00879362549800797,
  "stoi": {
    " ": 0,
    "a": 1,
    "c": 2,
    "e": 3,
    "h": 4,
    "m": 5,
    "n": 6,
    "p": 7,
    "r": 8,
    "t": 9
  },
  "itos": {
    "0": " ",
    "1": "a",
    "2": "c",
    "3": "e",
    "4": "h",
    "5": "m",
    "6": "n",
    "7": "p",
    "8": "r",
    "9": "t"
  }
}