{
  "loss_iterations": [
    0,
    50,
    100,
    150,
    200,
    250,
    300,
    350,
    400,
    450,
    500,
    550,
    600,
    650,
    700,
    750,
    800,
    850,
    900,
    950,
    1000,
    1050,
    1100,
    1150,
    1200,
    1250,
    1300,
    1350,
    1400,
    1450,
    1500,
    1550,
    1600,
    1650,
    1700,
    1750,
    1800,
    1850,
    1900,
    1950,
    2000
  ],
  "loss_window": [
    2.7600147008895872,
    0.8290886104106903,
    0.7377051293849946,
    0.6340306282043457,
    0.6246480256319046,
    0.624065613746643,
    0.6251222193241119,
    0.6244867026805878,
    0.6340011209249496,
    0.6232078909873963,
    0.6241491913795472,
    0.6258289277553558,
    0.6251884132623673,
    0.6295989215373993,
    0.6236800521612167,
    0.6182606965303421,
    0.6264116734266281,
    0.6236889362335205,
    0.6192480862140656,
    0.620540925860405,
    0.6248240679502487,
    0.625085574388504,
    0.6218747913837432,
    0.625499176979065,
    0.6228926688432693,
    0.6224198698997497,
    0.6152757406234741,
    0.6244916498661042,
    0.625807735323906,
    0.6320175945758819,
    0.6289044797420502,
    0.6199186205863952,
    0.6238171517848968,
    0.6232103854417801,
    0.6246033012866974,
    0.619066259264946,
    0.6243816167116165,
    0.6223837047815323,
    0.6274100363254547,
    0.6179721981287003,
    0.6181802690029145
  ],
  "loss_smooth": [
    2.7600147008895872,
    2.7503600704371927,
    2.7402967957319317,
    2.7297654648942937,
    2.719239877697982,
    2.708764006378225,
    2.6983457974429546,
    2.6879765019691426,
    2.6777066250639217,
    2.6674341313935392,
    2.6572177066934692,
    2.6470607627987786,
    2.6369514010510966,
    2.626914638653528,
    2.6168984657210665,
    2.606905276875113,
    2.5970028088578707,
    2.587136239494749,
    2.5772967987283457,
    2.5675130193640063,
    2.5577995746069373,
    2.548136004605845,
    2.538504698539734,
    2.5289396709319307,
    2.5194094359214874,
    2.5099244880913787,
    2.500451244354039,
    2.4910714463815995,
    2.481745127826311,
    2.472496490160059,
    2.463278530107969,
    2.454061730560361,
    2.444910507666483,
    2.43580200705536,
    2.426746013526517,
    2.417707614755209,
    2.408740984764991,
    2.399809198365074,
    2.390947202554876,
    2.382082327532745,
    2.3732628172400956
  ],
  "metric_iterations": [
    0,
    50,
    100,
    150,
    200,
    250,
    300,
    350,
    400,
    450,
    500,
    550,
    600,
    650,
    700,
    750,
    800,
    850,
    900,
    950,
    1000,
    1050,
    1100,
    1150,
    1200,
    1250,
    1300,
    1350,
    1400,
    1450,
    1500,
    1550,
    1600,
    1650,
    1700,
    1750,
    1800,
    1850,
    1900,
    1950,
    2000
  ],
  "metric_word_error_frac": [
    1.0,
    0.4107009386805236,
    0.26738473167044596,
    0.02800561075643877,
    0.012000000000000002,
    0.006666666666666667,
    0.016,
    0.014688085676037485,
    0.011973439575033199,
    0.008,
    0.00398937583001328,
    0.006650730411686587,
    0.030666666666666665,
    0.008021419009370817,
    0.009333333333333334,
    0.0026560424966799467,
    0.006666666666666667,
    0.006666666666666667,
    0.0026666666666666666,
    0.0013333333333333333,
    0.012000000000000002,
    0.0013333333333333333,
    0.0,
    0.008,
    0.0026666666666666666,
    0.0026666666666666666,
    0.0013333333333333333,
    0.0026666666666666666,
    0.017344170840066776,
    0.02,
    0.0013333333333333333,
    0.0,
    0.0013333333333333333,
    0.0013333333333333333,
    0.0013333333333333333,
    0.0013333333333333333,
    0.0013333333333333333,
    0.0013333333333333333,
    0.0026560424966799467,
    0.0,
    0.0
  ],
  "sample_before": "tt r ccccnhctcmhpmttht tpe  ttcttrrptrrnctprcmctth",
  "sample_after": "mat net ate cat eat ate met rat mat hat hat hat ea",
  "demo_snippet": "hat cat met rat rat mat hat eat hat tea net cat ca",
  "demo_before": "tt r ccccnhctcmhpmttht tpe  ttcttrrptrrnctprcmctth",
  "demo_after": "mat net ate cat eat ate met rat mat hat hat hat ea",
  "demo_word_error_frac": 0.0,
  "demo_rng_seed": 2042,
  "demo_seed_char": " ",
  "final_word_error_frac": 0.004,
  "stoi": {
    " ": 0,
    "a": 1,
    "c": 2,
    "e": 3,
    "h": 4,
    "m": 5,
    "n": 6,
    "p": 7,
    "r": 8,
    "t": 9
  },
  "itos": {
    "0": " ",
    "1": "a",
    "2": "c",
    "3": "e",
    "4": "h",
    "5": "m",
    "6": "n",
    "7": "p",
    "8": "r",
    "9": "t"
  }
}