{
  "comparison": "word_length_sweep_ns",
  "model_type": "rnn",
  "word_counts": [
    4,
    16,
    50,
    100
  ],
  "lengths": [
    3,
    4,
    5,
    6,
    7
  ],
  "seeds": [
    1,
    2,
    3,
    4,
    5,
    6,
    7,
    8,
    9,
    10,
    11,
    12,
    13,
    14,
    15
  ],
  "max_pcs": 20,
  "panels": [
    {
      "task": "sweep_w4_l3_ns",
      "n_words": 4,
      "length": 3,
      "n_seeds": 15,
      "max_pcs": 20,
      "spectrum_pct": [
        51.446846370626126,
        43.60062859416944,
        2.4375222148538627,
        1.219461864556979,
        0.7175597895169565,
        0.3761798138519695,
        0.13011595127138717,
        0.050404834519083584,
        0.016900546729983316,
        0.0023182299634502395,
        0.0015354333889015847,
        0.0005263565518504697,
        3.7904130398597466e-31
      ]
    },
    {
      "task": "sweep_w4_l4_ns",
      "n_words": 4,
      "length": 4,
      "n_seeds": 15,
      "max_pcs": 20,
      "spectrum_pct": [
        47.514242868997584,
        27.295180212654348,
        22.927329584762862,
        1.036861225469528,
        0.5963794534122842,
        0.3361173415361229,
        0.1809756633821004,
        0.07448522989712177,
        0.023188678499084563,
        0.008222009249620868,
        0.0037361602343931894,
        0.001724845657144749,
        0.0008109623820718858,
        0.0004403664657475987,
        0.00018375599751181183,
        0.00012164140248580637,
        2.1660598718217514e-31
      ]
    },
    {
      "task": "sweep_w4_l5_ns",
      "n_words": 4,
      "length": 5,
      "n_seeds": 15,
      "max_pcs": 20,
      "spectrum_pct": [
        31.81807413544489,
        28.29669151882045,
        21.045413138268945,
        18.280195972703957,
        0.28428333726545285,
        0.10123793812181534,
        0.06516287419221801,
        0.043354739044929924,
        0.028710374062888913,
        0.01707476165744597,
        0.010563150596611663,
        0.004667088216360413,
        0.002079083076350311,
        0.0011103675999720212,
        0.0007583747321878041,
        0.00034508591131278177,
        0.0001384992327412094,
        8.232116740353079e-05,
        4.500422890667915e-05,
        1.2235655167586728e-05
      ]
    },
    {
      "task": "sweep_w4_l6_ns",
      "n_words": 4,
      "length": 6,
      "n_seeds": 15,
      "max_pcs": 20,
      "spectrum_pct": [
        32.69783536911079,
        23.274349829793803,
        19.682195915500312,
        13.084502016747837,
        10.847520693798078,
        0.21789237991458876,
        0.07124376524962689,
        0.04771498954791082,
        0.032981206098379304,
        0.01844111436500729,
        0.012262821971384357,
        0.00682994380278524,
        0.0029321224539543785,
        0.0014363821607393966,
        0.0007439842192860857,
        0.0004553146236167008,
        0.0002846691828584961,
        0.00017557921826947891,
        8.661266743294464e-05,
        4.380210654226479e-05
      ]
    },
    {
      "task": "sweep_w4_l7_ns",
      "n_words": 4,
      "length": 7,
      "n_seeds": 15,
      "max_pcs": 20,
      "spectrum_pct": [
        23.4282707919673,
        20.992619191041722,
        18.30741797680614,
        16.168960481610757,
        11.751041057982379,
        9.011102429096303,
        0.15935936496516787,
        0.07330782960395885,
        0.046230233849557184,
        0.028827747088277424,
        0.01806937449874693,
        0.00911658353975892,
        0.002698752920938776,
        0.0012805870289367438,
        0.000717138088670501,
        0.000379993199634687,
        0.0002285631844788079,
        0.00014657055926018092,
        8.003257616984633e-05,
        4.4076330821470976e-05
      ]
    },
    {
      "task": "sweep_w16_l3_ns",
      "n_words": 16,
      "length": 3,
      "n_seeds": 15,
      "max_pcs": 20,
      "spectrum_pct": [
        49.12637244566886,
        40.985017155656216,
        5.460841583644195,
        1.908567193363371,
        0.7007079931862914,
        0.49953137582593965,
        0.36716761907818424,
        0.2420615784516,
        0.17105024201987093,
        0.1379227730585517,
        0.09208328195184043,
        0.06710469832816406,
        0.04978971796276581,
        0.04115781382802019,
        0.031084135665597645,
        0.025163943205350276,
        0.019497007536321217,
        0.013822200212800118,
        0.011489972810152434,
        0.009255090684326476
      ]
    },
    {
      "task": "sweep_w16_l4_ns",
      "n_words": 16,
      "length": 4,
      "n_seeds": 15,
      "max_pcs": 20,
      "spectrum_pct": [
        49.09117939992568,
        33.85357234691323,
        15.34950567366568,
        0.6255085359767671,
        0.3799837187676868,
        0.24020570792482893,
        0.15764633532784078,
        0.11267138170301426,
        0.061176959764373116,
        0.04147716252738657,
        0.02685712786515991,
        0.01954905390716286,
        0.014590380135107628,
        0.007093899811260743,
        0.004731776040910561,
        0.0033631672840531385,
        0.0025419992085616767,
        0.0018370914239856978,
        0.0013091671051268096,
        0.00106641169693627
      ]
    },
    {
      "task": "sweep_w16_l5_ns",
      "n_words": 16,
      "length": 5,
      "n_seeds": 15,
      "max_pcs": 20,
      "spectrum_pct": [
        37.20931279389525,
        26.700473847064146,
        13.71220124428285,
        11.416275392112661,
        2.7209509088464943,
        1.9370691724502203,
        1.5805760340232287,
        1.239087760680441,
        0.9089777672152636,
        0.7021994786096425,
        0.5421926883605727,
        0.4101379380007738,
        0.30374738757061315,
        0.17472401940784427,
        0.1269934662840113,
        0.08851215924781224,
        0.06197482745067336,
        0.04085083675953803,
        0.025739420989540674,
        0.020098786472711926
      ]
    },
    {
      "task": "sweep_w16_l6_ns",
      "n_words": 16,
      "length": 6,
      "n_seeds": 15,
      "max_pcs": 20,
      "spectrum_pct": [
        37.641356186844504,
        24.140081351779653,
        17.5879620765585,
        8.457658653700129,
        6.776308841667747,
        1.4005272971976548,
        1.073756437009288,
        0.7834999577512304,
        0.5938730470331949,
        0.43175954787965976,
        0.30728876299469626,
        0.2351079903930871,
        0.15803275410452983,
        0.10546046544099551,
        0.07836548968215971,
        0.057021573704527366,
        0.04331546914987153,
        0.03099168932152713,
        0.02392654165745618,
        0.017918537327467246
      ]
    },
    {
      "task": "sweep_w16_l7_ns",
      "n_words": 16,
      "length": 7,
      "n_seeds": 15,
      "max_pcs": 20,
      "spectrum_pct": [
        26.308935688225088,
        21.21481531767527,
        17.427296121175228,
        14.597023227196065,
        10.133514808478104,
        8.346957875764845,
        0.6694851316398729,
        0.4886870882552919,
        0.332928267362931,
        0.1416619771741666,
        0.0902076531037762,
        0.06741430807160205,
        0.046609824898890116,
        0.031244951889497382,
        0.02455954664233413,
        0.017943627593795593,
        0.01346888396620063,
        0.009810852916138433,
        0.007886977446512717,
        0.00625598742500875
      ]
    },
    {
      "task": "sweep_w50_l3_ns",
      "n_words": 50,
      "length": 3,
      "n_seeds": 15,
      "max_pcs": 20,