{
  "loss_iterations": [
    0,
    100,
    200,
    300,
    400,
    500,
    600,
    700,
    800,
    900,
    1000,
    1100,
    1200,
    1300,
    1400,
    1500,
    1600,
    1700,
    1800,
    1900,
    2000,
    2100,
    2200,
    2300,
    2400,
    2500,
    2600,
    2700,
    2800,
    2900,
    3000,
    3100,
    3200,
    3300,
    3400,
    3500,
    3600,
    3700,
    3800,
    3900,
    4000,
    4100,
    4200,
    4300,
    4400,
    4500,
    4600,
    4700,
    4800,
    4900,
    5000
  ],
  "loss_window": [
    2.115764594078064,
    0.5053438067436218,
    0.28044773042202,
    0.2269739493727684,
    0.2034253716468811,
    0.19316399544477464,
    0.1888959899544716,
    0.18435173332691193,
    0.1816576674580574,
    0.1802571475505829,
    0.17859164625406265,
    0.17776330709457397,
    0.17701742947101592,
    0.17779549658298494,
    0.17638493180274964,
    0.17720650583505632,
    0.17547804713249207,
    0.17622113078832627,
    0.17495349496603013,
    0.1748821973800659,
    0.1748563602566719,
    0.1761934608221054,
    0.17474373131990434,
    0.17586855143308638,
    0.17466588467359542,
    0.17388322055339814,
    0.17406391501426696,
    0.1779776245355606,
    0.17478508055210112,
    0.17506224364042283,
    0.17426789402961732,
    0.17467530816793442,
    0.17451728135347366,
    0.173615026473999,
    0.1738062784075737,
    0.17454678565263748,
    0.17376597374677658,
    0.17341215312480926,
    0.17413533478975296,
    0.17327263057231904,
    0.17412156015634536,
    0.17371806651353836,
    0.17591581493616104,
    0.17323351353406907,
    0.17374496012926102,
    0.17362612187862397,
    0.1736675664782524,
    0.17551846355199813,
    0.17376870065927505,
    0.17358181178569793,
    0.17377754896879197
  ],
  "loss_smooth": [
    2.115764594078064,
    2.1077124901413917,
    2.098576166342795,
    2.089218155257945,
    2.0797891913398896,
    2.070356065360414,
    2.060948764983384,
    2.0515657798251015,
    2.0422162392632663,
    2.032906443804703,
    2.0236348698169495,
    2.0144055120033375,
    2.005218571590676,
    1.9960814562156373,
    1.9869829735935727,
    1.97793409125478,
    1.9689218110341686,
    1.9599583076329394,
    1.951033283569605,
    1.9421525281386571,
    1.9333160472992472,
    1.9245304343668617,
    1.9157815008516268,
    1.9070819361045341,
    1.8984198558473795,
    1.8897971726709095,
    1.8812185063826263,
    1.872702301973391,
    1.8642127158662847,
    1.8557669635051552,
    1.8473594681577774,
    1.8389960473578282,
    1.8306736535278063,
    1.8223883603925373,
    1.8141454499826124,
    1.8059474566609626,
    1.7977865492463916,
    1.7896646772657836,
    1.7815870305534034,
    1.773545458553498,
    1.765548339061512,
    1.7575891876987721,
    1.749680820834959,
    1.7417985842984547,
    1.7339583161776086,
    1.7261566552061138,
    1.7183942097624745,
    1.710679831031422,
    1.7029952753795612,
    1.6953482080615918,
    1.6877403547661278
  ],
  "metric_iterations": [
    0,
    100,
    200,
    300,
    400,
    500,
    600,
    700,
    800,
    900,
    1000,
    1100,
    1200,
    1300,
    1400,
    1500,
    1600,
    1700,
    1800,
    1900,
    2000,
    2100,
    2200,
    2300,
    2400,
    2500,
    2600,
    2700,
    2800,
    2900,
    3000,
    3100,
    3200,
    3300,
    3400,
    3500,
    3600,
    3700,
    3800,
    3900,
    4000,
    4100,
    4200,
    4300,
    4400,
    4500,
    4600,
    4700,
    4800,
    4900,
    5000
  ],
  "metric_word_error_frac": [
    1.0,
    0.7293193290994952,
    0.33761146019910654,
    0.20593809752344386,
    0.12714776632302405,
    0.06217783505154639,
    0.05074555074555074,
    0.05401089937172412,
    0.03714010856868,
    0.037346251631965914,
    0.020375222878904763,
    0.010170432850845222,
    0.023740809455095168,
    0.003401360544217687,
    0.006803429483841855,
    0.003401360544217687,
    0.003401360544217687,
    0.006802721088435374,
    0.006872852233676976,
    0.006768363911221054,
    0.013605442176870748,
    0.01016972445543874,
    0.006802721088435374,
    0.003401360544217687,
    0.0,
    0.006802721088435374,
    0.006734006734006735,
    0.0033670033670033673,
    0.003401360544217687,
    0.003401360544217687,
    0.006802721088435374,
    0.0,
    0.0033670033670033673,
    0.003401360544217687,
    0.0,
    0.0,
    0.0,
    0.0,
    0.0,
    0.0,
    0.003401360544217687,
    0.003401360544217687,
    0.0,
    0.0,
    0.0,
    0.0,
    0.0,
    0.0,
    0.0,
    0.0033670033670033673,
    0.0
  ],
  "sample_before": "mo ocapoacaotamtcmmatcopoactamomp  a aoompppptcpap",
  "sample_after": "cat mop cat mop mop cat mop cat cat cat cat mop ca",
  "demo_snippet": "cat cat mop cat cat cat cat cat mop cat cat cat ca",
  "demo_before": "mo ocapoacaotamtcmmatcopoactamomp  a aoompppptcpap",
  "demo_after": "cat mop cat mop mop cat mop cat cat cat cat mop ca",
  "demo_word_error_frac": 0.0,
  "demo_rng_seed": 5042,
  "demo_seed_char": " ",
  "final_word_error_frac": 0.0,
  "stoi": {
    " ": 0,
    "a": 1,
    "c": 2,
    "m": 3,
    "o": 4,
    "p": 5,
    "t": 6
  },
  "itos": {
    "0": " ",
    "1": "a",
    "2": "c",
    "3": "m",
    "4": "o",
    "5": "p",
    "6": "t"
  }
}