{
  "loss_iterations": [
    0,
    100,
    200,
    300,
    400,
    500,
    600,
    700,
    800,
    900,
    1000,
    1100,
    1200,
    1300,
    1400,
    1500,
    1600,
    1700,
    1800,
    1900,
    2000,
    2100,
    2200,
    2300,
    2400,
    2500,
    2600,
    2700,
    2800,
    2900,
    3000,
    3100,
    3200,
    3300,
    3400,
    3500,
    3600,
    3700,
    3800,
    3900,
    4000,
    4100,
    4200,
    4300,
    4400,
    4500,
    4600,
    4700,
    4800,
    4900,
    5000
  ],
  "loss_window": [
    1.4282179832458497,
    0.36153786182403563,
    0.28017462193965914,
    0.2615964710712433,
    0.24633231908082961,
    0.2461769089102745,
    0.2437516286969185,
    0.23777301460504532,
    0.23754650801420213,
    0.23606077283620835,
    0.23244819343090056,
    0.23554693460464476,
    0.23794975727796555,
    0.2336923062801361,
    0.23449494689702988,
    0.23169748485088348,
    0.22755284756422042,
    0.22827222049236298,
    0.23198606818914413,
    0.23135857433080673,
    0.23173040598630906,
    0.23277919441461564,
    0.2319140061736107,
    0.23117885887622833,
    0.23285569101572037,
    0.22994689792394638,
    0.22777689546346663,
    0.23080995827913284,
    0.23374210000038148,
    0.22961898148059845,
    0.23028734773397447,
    0.2317575231194496,
    0.23172082602977753,
    0.2328968584537506,
    0.22804795652627946,
    0.2318485200405121,
    0.2291141539812088,
    0.23253656923770905,
    0.23058315962553025,
    0.23405234664678573,
    0.23174933791160585,
    0.23298392742872237,
    0.23337287008762359,
    0.23059977889060973,
    0.23310591280460358,
    0.22980547994375228,
    0.2354317143559456,
    0.23210677355527878,
    0.23310056030750276,
    0.23307982832193375,
    0.2289734184741974
  ],
  "loss_smooth": [
    1.4282179832458497,
    1.4228845826387406,
    1.4171710328352454,
    1.4113931600264253,
    1.4055678558216975,
    1.3997709010871404,
    1.3939908047251892,
    1.3882097157745885,
    1.3824563997357866,
    1.3767244216012888,
    1.371003040460437,
    1.3653257599311581,
    1.3596888799178921,
    1.3540588970497034,
    1.34846107729894,
    1.3428772593366998,
    1.3373006372778375,
    1.3317554951939101,
    1.3262566480588862,
    1.3207821576902459,
    1.3153368989317262,
    1.3099241104091406,
    1.304534059887963,
    1.2991672838829043,
    1.2938357259185682,
    1.288516281778595,
    1.283212584847019,
    1.2779505717141797,
    1.272729529355611,
    1.2675139766162358,
    1.2623278434718244,
    1.2571749918700623,
    1.2520477210408607,
    1.246951966727925,
    1.2418574466769168,
    1.2368074020437347,
    1.231768935803422,
    1.2267727739705936,
    1.2217918258988683,
    1.2168531285026079,
    1.2119276095496527,
    1.2070328911390482,
    1.202164591033791,
    1.197306766973075,
    1.1924857627022325,
    1.1876723612884401,
    1.1829111580537777,
    1.1781571361312853,
    1.1734318532521664,
    1.168730093127515,
    1.1640313097542485
  ],
  "metric_iterations": [
    0,
    100,
    200,
    300,
    400,
    500,
    600,
    700,
    800,
    900,
    1000,
    1100,
    1200,
    1300,
    1400,
    1500,
    1600,
    1700,
    1800,
    1900,
    2000,
    2100,
    2200,
    2300,
    2400,
    2500,
    2600,
    2700,
    2800,
    2900,
    3000,
    3100,
    3200,
    3300,
    3400,
    3500,
    3600,
    3700,
    3800,
    3900,
    4000,
    4100,
    4200,
    4300,
    4400,
    4500,
    4600,
    4700,
    4800,
    4900,
    5000
  ],
  "metric_word_error_frac": [
    0.47307013973680645,
    0.21840121549423874,
    0.10187869028448739,
    0.06919600198753965,
    0.03980265755599612,
    0.02251955079920516,
    0.017450342273594432,
    0.01247550128147143,
    0.007518796992481203,
    0.017619807093491303,
    0.010082023239917977,
    0.007556770714665452,
    0.002506265664160401,
    0.007481390042269854,
    0.012531895092774905,
    0.010025062656641603,
    0.005031518189412926,
    0.007537783853573327,
    0.0025252525252525255,
    0.0,
    0.0,
    0.002506265664160401,
    0.0025252525252525255,
    0.0025252525252525255,
    0.0,
    0.0025252525252525255,
    0.0,
    0.0,
    0.002506265664160401,
    0.002506265664160401,
    0.0,
    0.0,
    0.0,
    0.0,
    0.0,
    0.0,
    0.0,
    0.0,
    0.0025252525252525255,
    0.0,
    0.0,
    0.002506265664160401,
    0.0,
    0.0,
    0.0,
    0.002506265664160401,
    0.0,
    0.0,
    0.0,
    0.0,
    0.0
  ],
  "sample_before": "ntccaaaaccctctcctcanactcaaacnnanaaaacacaacctacancc",
  "sample_after": "catcatcatcancatcancatcancatcancancatcatcancatcanca",
  "demo_snippet": "catcatcancatcatcatcatcatcatcancancatcancancatcanca",
  "demo_before": "ntccaaaaccctctcctcanactcaaacnnanaaaacacaacctacancc",
  "demo_after": "catcatcatcancatcancatcancatcancancatcatcancatcanca",
  "demo_word_error_frac": 0.0,
  "demo_rng_seed": 5042,
  "demo_seed_char": "a",
  "final_word_error_frac": 0.0,
  "stoi": {
    "a": 0,
    "c": 1,
    "n": 2,
    "t": 3
  },
  "itos": {
    "0": "a",
    "1": "c",
    "2": "n",
    "3": "t"
  }
}