{
  "loss_iterations": [
    0,
    100,
    200,
    300,
    400,
    500,
    600,
    700,
    800,
    900,
    1000,
    1100,
    1200,
    1300,
    1400,
    1500,
    1600,
    1700,
    1800,
    1900,
    2000,
    2100,
    2200,
    2300,
    2400,
    2500,
    2600,
    2700,
    2800,
    2900,
    3000,
    3100,
    3200,
    3300,
    3400,
    3500,
    3600,
    3700,
    3800,
    3900,
    4000,
    4100,
    4200,
    4300,
    4400,
    4500,
    4600,
    4700,
    4800,
    4900,
    5000
  ],
  "loss_window": [
    2.042584037780762,
    0.49396213591098787,
    0.3445460140705109,
    0.3103295475244522,
    0.2953269392251968,
    0.2867369741201401,
    0.2837462782859802,
    0.2810720711946487,
    0.2800777405500412,
    0.27890247404575347,
    0.2786759465932846,
    0.2778217732906342,
    0.2774111479520798,
    0.2759374529123306,
    0.2757169514894485,
    0.2768203318119049,
    0.2764323949813843,
    0.2749585658311844,
    0.2762599617242813,
    0.2755903393030167,
    0.27566579878330233,
    0.2749161720275879,
    0.2753692984580994,
    0.27496515214443207,
    0.2768778264522552,
    0.27582756578922274,
    0.27531667053699493,
    0.27644372284412383,
    0.2753774136304855,
    0.2746748387813568,
    0.2747069388628006,
    0.2726753830909729,
    0.27427486777305604,
    0.2744386285543442,
    0.273875692486763,
    0.2752939581871033,
    0.27412083745002747,
    0.27491349875926974,
    0.2743472009897232,
    0.2735211908817291,
    0.275310817360878,
    0.27307806313037875,
    0.2736255705356598,
    0.27265975475311277,
    0.27244346141815184,
    0.27385249435901643,
    0.2733925133943558,
    0.27535403072834014,
    0.2730614811182022,
    0.2739822715520859,
    0.2747793227434158
  ],
  "loss_smooth": [
    2.042584037780762,
    2.034840928271413,
    2.026389453700409,
    2.017809154169529,
    2.0091967430948072,
    2.000584444249934,
    1.9920002534201144,
    1.983445612508987,
    1.9749287731491922,
    1.966448641653675,
    1.958009778178373,
    1.9496088381539343,
    1.941247849702925,
    1.9329212977189723,
    1.9246352759878247,
    1.916396201266945,
    1.9081963822355172,
    1.9000301931534955,
    1.8919113419963494,
    1.8838297369828827,
    1.8757889172918847,
    1.8677845535655633,
    1.859822477290026,
    1.8518981906642982,
    1.844023088843238,
    1.836182111227968,
    1.828377784024513,
    1.8206181137186113,
    1.8128919102181706,
    1.8052008248609865,
    1.7975483554309957,
    1.7899239905692956,
    1.7823457449553144,
    1.7748062093733095,
    1.7673015567888768,
    1.759841518795868,
    1.7524129153891388,
    1.7450254183059895,
    1.737672027219408,
    1.7303512730377195,
    1.7230760707593353,
    1.7158260807211905,
    1.7086150781702627,
    1.701435301553177,
    1.6942903423525018,
    1.6871881531125343,
    1.6801191749139435,
    1.6730953491930156,
    1.6660951798526416,
    1.6591346153111386,
    1.6522128388483
  ],
  "metric_iterations": [
    0,
    100,
    200,
    300,
    400,
    500,
    600,
    700,
    800,
    900,
    1000,
    1100,
    1200,
    1300,
    1400,
    1500,
    1600,
    1700,
    1800,
    1900,
    2000,
    2100,
    2200,
    2300,
    2400,
    2500,
    2600,
    2700,
    2800,
    2900,
    3000,
    3100,
    3200,
    3300,
    3400,
    3500,
    3600,
    3700,
    3800,
    3900,
    4000,
    4100,
    4200,
    4300,
    4400,
    4500,
    4600,
    4700,
    4800,
    4900,
    5000
  ],
  "metric_word_error_frac": [
    1.0,
    0.536446608946609,
    0.21696946582530105,
    0.12045671243325706,
    0.0777020202020202,
    0.06123290553334736,
    0.054318697175840036,
    0.006802721088435374,
    0.01364121614489803,
    0.027212301144554456,
    0.020202020202020204,
    0.01016972445543874,
    0.01020408163265306,
    0.01350237064522779,
    0.010135367278224422,
    0.0033670033670033673,
    0.01016972445543874,
    0.0,
    0.003401360544217687,
    0.0033670033670033673,
    0.0033670033670033673,
    0.006768363911221054,
    0.003401360544217687,
    0.01016972445543874,
    0.006734006734006735,
    0.0,
    0.0,
    0.0033670033670033673,
    0.0,
    0.0,
    0.0033670033670033673,
    0.0,
    0.0,
    0.003401360544217687,
    0.0,
    0.0,
    0.003401360544217687,
    0.0,
    0.0,
    0.0,
    0.0,
    0.0,
    0.0033670033670033673,
    0.0,
    0.0,
    0.0,
    0.0,
    0.0,
    0.0,
    0.0,
    0.0
  ],
  "sample_before": "accccmcmm ahcmamctmcmaattmcmtcmmahmhmmhhtmtmcmtmam",
  "sample_after": "hat hat cat cat cat hat mat mat cat hat mat hat ma",
  "demo_snippet": "mat cat cat mat hat cat cat cat mat cat mat mat ma",
  "demo_before": "accccmcmm ahcmamctmcmaattmcmtcmmahmhmmhhtmtmcmtmam",
  "demo_after": "hat hat cat cat cat hat mat mat cat hat mat hat ma",
  "demo_word_error_frac": 0.0,
  "demo_rng_seed": 5042,
  "demo_seed_char": " ",
  "final_word_error_frac": 0.0,
  "stoi": {
    " ": 0,
    "a": 1,
    "c": 2,
    "h": 3,
    "m": 4,
    "t": 5
  },
  "itos": {
    "0": " ",
    "1": "a",
    "2": "c",
    "3": "h",
    "4": "m",
    "5": "t"
  }
}