{
  "loss_iterations": [
    0,
    100,
    200,
    300,
    400,
    500,
    600,
    700,
    800,
    900,
    1000,
    1100,
    1200,
    1300,
    1400,
    1500,
    1600,
    1700,
    1800,
    1900,
    2000,
    2100,
    2200,
    2300,
    2400,
    2500,
    2600,
    2700,
    2800,
    2900,
    3000,
    3100,
    3200,
    3300,
    3400,
    3500,
    3600,
    3700,
    3800,
    3900,
    4000,
    4100,
    4200,
    4300,
    4400,
    4500,
    4600,
    4700,
    4800,
    4900,
    5000
  ],
  "loss_window": [
    1.7508715391159058,
    0.47951512336730956,
    0.4074356734752655,
    0.38497150838375094,
    0.37956476509571074,
    0.37102489471435546,
    0.3719376981258392,
    0.37124545574188234,
    0.3691772222518921,
    0.3726532727479935,
    0.37141562104225156,
    0.3700713038444519,
    0.3695745080709457,
    0.37286959290504457,
    0.36984446048736574,
    0.369115287065506,
    0.3717867612838745,
    0.3696625083684921,
    0.36423895359039304,
    0.36837040483951566,
    0.3671317517757416,
    0.365531325340271,
    0.36842732429504393,
    0.369261434674263,
    0.3623929649591446,
    0.37326141595840456,
    0.37379463016986847,
    0.36932935416698454,
    0.363312754034996,
    0.36916200816631317,
    0.36945250630378723,
    0.36741603910923004,
    0.3588840693235397,
    0.36317082643508913,
    0.37202935516834257,
    0.3684531360864639,
    0.3664751619100571,
    0.36708886325359347,
    0.36906234323978426,
    0.3635819584131241,
    0.36777380108833313,
    0.36432295143604276,
    0.3679145276546478,
    0.36985460519790647,
    0.362936806678772,
    0.36539894342422485,
    0.3637759476900101,
    0.36631815433502196,
    0.3639353960752487,
    0.3606956958770752,
    0.3690836876630783
  ],
  "loss_smooth": [
    1.7508715391159058,
    1.7445147570371629,
    1.7378293616193532,
    1.7310650723531753,
    1.724307570816888,
    1.7175411574363755,
    1.7108131401398228,
    1.7041153017178332,
    1.6974406113205034,
    1.6908166746276407,
    1.6842196693597138,
    1.6776489275321376,
    1.6711085554348317,
    1.6646173606221828,
    1.6581434961215087,
    1.6516983550762288,
    1.645298797107267,
    1.6389206156635732,
    1.6325472073532075,
    1.626226323340639,
    1.6199308504828147,
    1.6136588528571019,
    1.6074326952142914,
    1.6012418389115914,
    1.5950475945418292,
    1.588938663648912,
    1.582862943481517,
    1.5767952755349441,
    1.5707278629274444,
    1.5647200336536387,
    1.5587436960168894,
    1.552787057732351,
    1.546817542790307,
    1.540899309208531,
    1.53505495943833,
    1.5292219503215705,
    1.5234082163795128,
    1.5176266196138832,
    1.5118837982320128,
    1.5061422890329184,
    1.5004504465931954,
    1.4947698091174095,
    1.4891355327100957,
    1.4835391280725347,
    1.477936116465566,
    1.4723734306003593,
    1.4668304431858075,
    1.4613278817415534,
    1.4558409193132218,
    1.450365193196041,
    1.4449587856683763
  ],
  "metric_iterations": [
    0,
    100,
    200,
    300,
    400,
    500,
    600,
    700,
    800,
    900,
    1000,
    1100,
    1200,
    1300,
    1400,
    1500,
    1600,
    1700,
    1800,
    1900,
    2000,
    2100,
    2200,
    2300,
    2400,
    2500,
    2600,
    2700,
    2800,
    2900,
    3000,
    3100,
    3200,
    3300,
    3400,
    3500,
    3600,
    3700,
    3800,
    3900,
    4000,
    4100,
    4200,
    4300,
    4400,
    4500,
    4600,
    4700,
    4800,
    4900,
    5000
  ],
  "metric_word_error_frac": [
    0.1111111111111111,
    0.21932598375385756,
    0.11184251819829016,
    0.06391239261922343,
    0.02742040285899935,
    0.02251898402723226,
    0.01243781094527363,
    0.01255031518189413,
    0.002506265664160401,
    0.010044049517733728,
    0.0025252525252525255,
    0.002506265664160401,
    0.007518796992481203,
    0.009987655706430254,
    0.012531328320802004,
    0.007556770714665452,
    0.005031518189412926,
    0.0025252525252525255,
    0.002506265664160401,
    0.0,
    0.0025252525252525255,
    0.002506265664160401,
    0.0,
    0.005031518189412926,
    0.005012531328320802,
    0.005012531328320802,
    0.0,
    0.002506265664160401,
    0.0,
    0.005012531328320802,
    0.002506265664160401,
    0.0025252525252525255,
    0.0,
    0.0,
    0.002506265664160401,
    0.002506265664160401,
    0.0,
    0.0025252525252525255,
    0.0,
    0.005031518189412926,
    0.0,
    0.0025252525252525255,
    0.0,
    0.002506265664160401,
    0.0,
    0.0,
    0.0,
    0.0,
    0.0,
    0.002506265664160401,
    0.0
  ],
  "sample_before": "hmmtaacahmhmttthmhmhhmcmmmhmmmmhmhhahacthmchmccach",
  "sample_after": "catmatcathatmatcathatmatmatmatcatmatcatcathatcatha",
  "demo_snippet": "hathatcathatmathathathathathatmatcatmatcathatcatca",
  "demo_before": "hmmtaacahmhmttthmhmhhmcmmmhmmmmhmhhahacthmchmccach",
  "demo_after": "catmatcathatmatcathatmatmatmatcatmatcatcathatcatha",
  "demo_word_error_frac": 0.0,
  "demo_rng_seed": 5042,
  "demo_seed_char": "a",
  "final_word_error_frac": 0.0,
  "stoi": {
    "a": 0,
    "c": 1,
    "h": 2,
    "m": 3,
    "t": 4
  },
  "itos": {
    "0": "a",
    "1": "c",
    "2": "h",
    "3": "m",
    "4": "t"
  }
}