{
  "loss_iterations": [
    0,
    100,
    200,
    300,
    400,
    500,
    600,
    700,
    800,
    900,
    1000,
    1100,
    1200,
    1300,
    1400,
    1500,
    1600,
    1700,
    1800,
    1900,
    2000,
    2100,
    2200,
    2300,
    2400,
    2500,
    2600,
    2700,
    2800,
    2900,
    3000,
    3100,
    3200,
    3300,
    3400,
    3500,
    3600,
    3700,
    3800,
    3900,
    4000,
    4100,
    4200,
    4300,
    4400,
    4500,
    4600,
    4700,
    4800,
    4900,
    5000
  ],
  "loss_window": [
    1.1525872707366944,
    0.6701171457767486,
    0.6555813670158386,
    0.658772212266922,
    0.6246752977371216,
    0.600232619047165,
    0.574777489900589,
    0.5431864947080612,
    0.5539899706840515,
    0.541655158996582,
    0.5262166231870651,
    0.518797880411148,
    0.514790153503418,
    0.5352062582969666,
    0.5174072086811066,
    0.5320202291011811,
    0.5233320623636246,
    0.5291431784629822,
    0.5211043059825897,
    0.5269525647163391,
    0.5237219750881195,
    0.5286071687936783,
    0.519788670539856,
    0.5173581779003144,
    0.5200593590736389,
    0.5153127253055573,
    0.5157689929008484,
    0.5094581007957458,
    0.5101257145404816,
    0.5229728847742081,
    0.519851541519165,
    0.5074597209692001,
    0.5158354490995407,
    0.5145968794822693,
    0.5063773155212402,
    0.516734579205513,
    0.5073705524206161,
    0.5151081204414367,
    0.508933499455452,
    0.5183044403791428,
    0.5128047406673432,
    0.5104583859443664,
    0.5080552637577057,
    0.5096007704734802,
    0.5080206722021103,
    0.5149264365434647,
    0.5138242572546006,
    0.5040620028972626,
    0.5088396608829499,
    0.49941338002681734,
    0.5142570018768311
  ],
  "loss_smooth": [
    1.1525872707366944,
    1.1501749201118947,
    1.1477019523464145,
    1.145257303646017,
    1.1426543936164724,
    1.1399422847436258,
    1.1371164607694106,
    1.134146810939104,
    1.1312460267378286,
    1.1282980723991225,
    1.1252876651530621,
    1.1222552162293524,
    1.1192178909157227,
    1.116297832752629,
    1.1133033796322713,
    1.1103969638796158,
    1.1074616393720358,
    1.1045700470674906,
    1.1016527183620661,
    1.0987792175938376,
    1.095903931381309,
    1.0930674475683708,
    1.0902010536832283,
    1.0873368393043137,
    1.0845004519031602,
    1.0816545132701723,
    1.0788250856683257,
    1.0759782507439628,
    1.0731489880629455,
    1.0703981075465017,
    1.0676453747163648,
    1.064844446447629,
    1.0620994014608887,
    1.0593618888509957,
    1.056596965984347,
    1.0538976540504528,
    1.0511650185423036,
    1.0484847340517993,
    1.0457869778788176,
    1.0431495651913192,
    1.0404978410686991,
    1.0378476437930775,
    1.0351986818929007,
    1.0325706923358033,
    1.029947942235135,
    1.0273728347066766,
    1.0248050918194163,
    1.0222013763748055,
    1.0196345677973462,
    1.0170334618584935,
    1.0145195795585853
  ],
  "metric_iterations": [
    0,
    100,
    200,
    300,
    400,
    500,
    600,
    700,
    800,
    900,
    1000,
    1100,
    1200,
    1300,
    1400,
    1500,
    1600,
    1700,
    1800,
    1900,
    2000,
    2100,
    2200,
    2300,
    2400,
    2500,
    2600,
    2700,
    2800,
    2900,
    3000,
    3100,
    3200,
    3300,
    3400,
    3500,
    3600,
    3700,
    3800,
    3900,
    4000,
    4100,
    4200,
    4300,
    4400,
    4500,
    4600,
    4700,
    4800,
    4900,
    5000
  ],
  "metric_word_error_frac": [
    0.47977092352092354,
    0.3051235939208012,
    0.26210159666042016,
    0.2835891487060664,
    0.27852517852517855,
    0.24394500387508797,
    0.221364033809385,
    0.22298850574712645,
    0.18905568704226425,
    0.20224177294914183,
    0.14341297984915005,
    0.13303376906318085,
    0.1300112733136407,
    0.1438601212136038,
    0.12529978927941168,
    0.12511139726813994,
    0.13020162234012608,
    0.11528671281432452,
    0.10033280539402002,
    0.14690759704554876,
    0.10033231509149758,
    0.0919637504848549,
    0.14157529686693296,
    0.10980573543015726,
    0.12383054043087717,
    0.10025119744020194,
    0.14255411001920879,
    0.10424108265834885,
    0.12494589285119702,
    0.13145539906103285,
    0.12463423101720973,
    0.10035043648115287,
    0.08454410701841573,
    0.10112637459511468,
    0.11004140786749482,
    0.07029695936345554,
    0.10011733417919676,
    0.12041632874328419,
    0.08182214914951487,
    0.10081332223064093,
    0.09832134292565947,
    0.11555622148969467,
    0.11104784736789532,
    0.13376674546887313,
    0.07740377041432547,
    0.10940133554952906,
    0.10896656534954408,
    0.09579607359440846,
    0.10535742860906182,
    0.09796411318150448,
    0.10478613276948152
  ],
  "sample_before": "eteaaeeatatttttttttttetttetattttatttetteeeateteeet",
  "sample_after": "eteateateateatateteaateeateatateteaeateateteaateat",
  "demo_snippet": "teaateateteaeatateateateteaateteateateaateteaeatat",
  "demo_before": "eteaaeeatatttttttttttetttetattttatttetteeeateteeet",
  "demo_after": "eteateateateatateteaateeateatateteaeateateteaateat",
  "demo_word_error_frac": 0.06521739130434782,
  "demo_rng_seed": 5409,
  "demo_seed_char": "a",
  "final_word_error_frac": 0.08667500781983109,
  "stoi": {
    "a": 0,
    "e": 1,
    "t": 2
  },
  "itos": {
    "0": "a",
    "1": "e",
    "2": "t"
  }
}