{
  "tasks": [
    "sixteen_word_ns",
    "sixteen_word_four_letter_ns",
    "sixteen_word_five_letter_ns",
    "sixteen_word_mixed_345_ns"
  ],
  "condition_labels": [
    "3-letter",
    "4-letter",
    "5-letter",
    "mixed 3\u20135"
  ],
  "features": [
    "dfa",
    "char",
    "position",
    "position_from_end"
  ],
  "metrics": [
    "centroid_gap",
    "silhouette",
    "eta2",
    "pairwise_ratio",
    "shuffle_z",
    "shuffle_p"
  ],
  "seeds": [
    1,
    2,
    3
  ],
  "per_task_seed": {
    "sixteen_word_ns": {
      "1": {
        "centroid_gap": {
          "dfa": 7.148999509639375,
          "char": 7.442923036282847,
          "position": 5.49902425216894,
          "position_from_end": 5.49902425216894
        },
        "silhouette": {
          "dfa": 0.6651464259776254,
          "char": 0.48843290394905603,
          "position": 0.5664711632293529,
          "position_from_end": 0.5664711632293529
        },
        "eta2": {
          "dfa": 0.9287395533159193,
          "char": 0.9680004270740459,
          "position": 0.7371303796508089,
          "position_from_end": 0.7371303796508089
        },
        "pairwise_ratio": {
          "dfa": 0.29056135515038073,
          "char": 0.13989233791939926,
          "position": 0.4012973168011807,
          "position_from_end": 0.4012973168011807
        },
        "shuffle_z": {
          "dfa": 4.544050345827386,
          "char": 6.451388744885134,
          "position": 9.384782371227066,
          "position_from_end": 9.017298071482811
        },
        "shuffle_p": {
          "dfa": 0.005,
          "char": 0.005,
          "position": 0.005,
          "position_from_end": 0.005
        }
      },
      "2": {
        "centroid_gap": {
          "dfa": 6.757149890205956,
          "char": 6.455298034599432,
          "position": 4.616345706487859,
          "position_from_end": 4.072119109745028
        },
        "silhouette": {
          "dfa": 0.49669876769427634,
          "char": 0.10429808363381761,
          "position": 0.47825628600843856,
          "position_from_end": 0.40909664492953585
        },
        "eta2": {
          "dfa": 0.8734056712993455,
          "char": 0.8362178855775427,
          "position": 0.6467950657731826,
          "position_from_end": 0.5794707126975834
        },
        "pairwise_ratio": {
          "dfa": 0.40981968240566974,
          "char": 0.2974578109763291,
          "position": 0.5588501210656943,
          "position_from_end": 0.5730531458905648
        },
        "shuffle_z": {
          "dfa": 5.6550242400013335,
          "char": 7.036070866548777,
          "position": 10.575471235900636,
          "position_from_end": 9.827249585839404
        },
        "shuffle_p": {
          "dfa": 0.005,
          "char": 0.005,
          "position": 0.005,
          "position_from_end": 0.005
        }
      },
      "3": {
        "centroid_gap": {
          "dfa": 7.003653155947086,
          "char": 7.245662384873776,
          "position": 5.375782609717659,
          "position_from_end": 5.375782609717659
        },
        "silhouette": {
          "dfa": 0.6109130599407505,
          "char": 0.31796290781347974,
          "position": 0.5598021321838367,
          "position_from_end": 0.5598021321838367
        },
        "eta2": {
          "dfa": 0.9311161667493372,
          "char": 0.9678293677807478,
          "position": 0.7201742580772658,
          "position_from_end": 0.7201742580772658
        },
        "pairwise_ratio": {
          "dfa": 0.2866533942771323,
          "char": 0.1641150672568074,
          "position": 0.39577303767333344,
          "position_from_end": 0.39577303767333344
        },
        "shuffle_z": {
          "dfa": 4.546995102499118,
          "char": 5.62781563168312,
          "position": 8.250631388463361,
          "position_from_end": 8.234712143625762
        },
        "shuffle_p": {
          "dfa": 0.005,
          "char": 0.005,
          "position": 0.005,
          "position_from_end": 0.005
        }
      }
    },
    "sixteen_word_four_letter_ns": {
      "1": {
        "centroid_gap": {
          "dfa": 7.288930851042979,
          "char": 5.585786414501479,
          "position": 4.541359418861273,
          "position_from_end": 4.541359418861273
        },
        "silhouette": {
          "dfa": 0.6523378530284278,
          "char": 0.28876902723000425,
          "position": 0.47938578091891587,
          "position_from_end": 0.47938578091891587
        },
        "eta2": {
          "dfa": 0.9340936942987611,
          "char": 0.7382748970964242,
          "position": 0.6934577968224908,
          "position_from_end": 0.6934577968224908
        },
        "pairwise_ratio": {
          "dfa": 0.34304916783278766,
          "char": 0.5306693852563737,
          "position": 0.4736365989858563,
          "position_from_end": 0.4736365989858563
        },
        "shuffle_z": {
          "dfa": 6.690819023332044,
          "char": 5.828193193944791,
          "position": 12.741180648621372,
          "position_from_end": 13.070395644042797
        },
        "shuffle_p": {
          "dfa": 0.005,
          "char": 0.005,
          "position": 0.005,
          "position_from_end": 0.005
        }
      },
      "2": {
        "centroid_gap": {
          "dfa": 6.830974337623635,
          "char": 4.739103640798998,
          "position": 3.915988166683471,
          "position_from_end": 3.915988166683471
        },
        "silhouette": {
          "dfa": 0.6926068795752288,
          "char": 0.17105649634574316,
          "position": 0.4845462924097715,
          "position_from_end": 0.4845462924097715
        },
        "eta2": {
          "dfa": 0.9537771636130733,
          "char": 0.6596529243164402,
          "position": 0.674911007176094,
          "position_from_end": 0.674911007176094
        },
        "pairwise_ratio": {
          "dfa": 0.2903054196216865,
          "char": 0.6173569410698065,
          "position": 0.4751624456040577,
          "position_from_end": 0.4751624456040577
        },
        "shuffle_z": {
          "dfa": 7.256642371107698,
          "char": 4.36061190952821,
          "position": 13.215914400305508,
          "position_from_end": 12.649892225273586
        },
        "shuffle_p": {
          "dfa": 0.005,
          "char": 0.005,
          "position": 0.005,
          "position_from_end": 0.005
        }
      },
      "3": {
        "centroid_gap": {
          "dfa": 7.582007610447031,
          "char": 5.419356488843653,
          "position": 4.81457369116136,
          "position_from_end": 4.81457369116136
        },
        "silhouette": {
          "dfa": 0.6355371240777048,
          "char": 0.17563296310906418,
          "position": 0.478607214055785,
          "position_from_end": 0.478607214055785
        },
        "eta2": {
          "dfa": 0.962380956631696,
          "char": 0.6867699238767464,
          "position": 0.704758819987332,
          "position_from_end": 0.704758819987332
        },
        "pairwise_ratio": {
          "dfa": 0.2802330729540745,
          "char": 0.5701756892587846,
          "position": 0.4661489820518178,
          "position_from_end": 0.4661489820518178
        },
        "shuffle_z": {
          "dfa": 6.202325771036941,
          "char": 4.440552607005704,
          "position": 13.090791002175695,
          "position_from_end": 12.089891570280617
        },
        "shuffle_p": {
          "dfa": 0.005,
          "char": 0.005,
          "position": 0.005,
          "position_from_end": 0.005
        }
      }
    },
    "sixteen_word_five_letter_ns": {
      "1": {
        "centroid_gap": {
          "dfa": 5.465518821270843,
          "char": 4.043335171300193,
          "position": 1.668857429152018,
          "position_from_end": 1.668857429152018
        },
        "silhouette": {
          "dfa": 0.7822113241894448,
          "char": 0.3299032198509871,